first_name,second_name,Name,element_type,Team,now_cost,,,,,,,,,,,,,,,,,,,,,,,,,,,,,,,
Bernd,Leno,Bernd Leno,GK,Arsenal,45,,,,,,,,,,,,,,,,,,,,,,,,,,,,,,,
Rúnar Alex,Rúnarsson,Rúnar Alex Rúnarsson,GK,Arsenal,40,,,,,,,,,,,,,,,,,,,,,,,,,,,,,,,
Willian,Borges Da Silva,Willian Borges Da Silva,MID,Arsenal,63,,,,,,,,,,,,,,,,,,,,,,,,,,,,,,,
Pierre-Emerick,Aubameyang,Pierre-Emerick Aubameyang,FWD,Arsenal,96,,,,,,,,,,,,,,,,,,,,,,,,,,,,,,,
Cédric,Soares,Cédric Soares,DEF,Arsenal,42,,,,,,,,,,,,,,,,,,,,,,,,,,,,,,,
Alexandre,Lacazette,Alexandre Lacazette,FWD,Arsenal,84,,,,,,,,,,,,,,,,,,,,,,,,,,,,,,,
Granit,Xhaka,Granit Xhaka,MID,Arsenal,48,,,,,,,,,,,,,,,,,,,,,,,,,,,,,,,
Pablo,Marí,Pablo Marí,DEF,Arsenal,42,,,,,,,,,,,,,,,,,,,,,,,,,,,,,,,
Héctor,Bellerín,Héctor Bellerín,DEF,Arsenal,48,,,,,,,,,,,,,,,,,,,,,,,,,,,,,,,
Calum,Chambers,Calum Chambers,DEF,Arsenal,42,,,,,,,,,,,,,,,,,,,,,,,,,,,,,,,
Sead,Kolasinac,Sead Kolasinac,DEF,Arsenal,42,,,,,,,,,,,,,,,,,,,,,,,,,,,,,,,
Mohamed Naser,El Sayed Elneny,Mohamed Naser El Sayed Elneny,MID,Arsenal,44,,,,,,,,,,,,,,,,,,,,,,,,,,,,,,,
Ainsley,Maitland-Niles,Ainsley Maitland-Niles,MID,Arsenal,52,,,,,,,,,,,,,,,,,,,,,,,,,,,,,,,
Rob,Holding,Rob Holding,DEF,Arsenal,41,,,,,,,,,,,,,,,,,,,,,,,,,,,,,,,
Thomas,Partey,Thomas Partey,MID,Arsenal,50,,,,,,,,,,,,,,,,,,,,,,,,,,,,,,,
Kieran,Tierney,Kieran Tierney,DEF,Arsenal,50,,,,,,,,,,,,,,,,,,,,,,,,,,,,,,,
Nicolas,Pépé,Nicolas Pépé,MID,Arsenal,69,,,,,,,,,,,,,,,,,,,,,,,,,,,,,,,
Lucas,Torreira,Lucas Torreira,MID,Arsenal,45,,,,,,,,,,,,,,,,,,,,,,,,,,,,,,,
Edward,Nketiah,Edward Nketiah,FWD,Arsenal,54,,,,,,,,,,,,,,,,,,,,,,,,,,,,,,,
Emile,Smith Rowe,Emile Smith Rowe,MID,Arsenal,59,,,,,,,,,,,,,,,,,,,,,,,,,,,,,,,
Bukayo,Saka,Bukayo Saka,MID,Arsenal,64,,,,,,,,,,,,,,,,,,,,,,,,,,,,,,,
Gabriel,Magalhães,Gabriel Magalhães,DEF,Arsenal,53,,,,,,,,,,,,,,,,,,,,,,,,,,,,,,,
Konstantinos,Mavropanos,Konstantinos Mavropanos,DEF,Arsenal,45,,,,,,,,,,,,,,,,,,,,,,,,,,,,,,,
Mattéo,Guendouzi,Mattéo Guendouzi,MID,Arsenal,45,,,,,,,,,,,,,,,,,,,,,,,,,,,,,,,
Gabriel Teodoro,Martinelli Silva,Gabriel Teodoro Martinelli Silva,MID,Arsenal,54,,,,,,,,,,,,,,,,,,,,,,,,,,,,,,,
William,Saliba,William Saliba,DEF,Arsenal,45,,,,,,,,,,,,,,,,,,,,,,,,,,,,,,,
Ben,White,Ben White,DEF,Arsenal,45,,,,,,,,,,,,,,,,,,,,,,,,,,,,,,,
Nuno,Varela Tavares,Nuno Varela Tavares,DEF,Arsenal,43,,,,,,,,,,,,,,,,,,,,,,,,,,,,,,,
Albert,Sambi Lokonga,Albert Sambi Lokonga,MID,Arsenal,48,,,,,,,,,,,,,,,,,,,,,,,,,,,,,,,
Folarin,Balogun,Folarin Balogun,FWD,Arsenal,47,,,,,,,,,,,,,,,,,,,,,,,,,,,,,,,
Reiss,Nelson,Reiss Nelson,MID,Arsenal,50,,,,,,,,,,,,,,,,,,,,,,,,,,,,,,,
Karl,Hein,Karl Hein,GK,Arsenal,40,,,,,,,,,,,,,,,,,,,,,,,,,,,,,,,
Martin,Ødegaard,Martin Ødegaard,MID,Arsenal,56,,,,,,,,,,,,,,,,,,,,,,,,,,,,,,,
Aaron,Ramsdale,Aaron Ramsdale,GK,Arsenal,51,,,,,,,,,,,,,,,,,,,,,,,,,,,,,,,
Arthur,Okonkwo,Arthur Okonkwo,GK,Arsenal,39,,,,,,,,,,,,,,,,,,,,,,,,,,,,,,,
Takehiro,Tomiyasu,Takehiro Tomiyasu,DEF,Arsenal,47,,,,,,,,,,,,,,,,,,,,,,,,,,,,,,,
Charlie,Patino,Charlie Patino,MID,Arsenal,45,,,,,,,,,,,,,,,,,,,,,,,,,,,,,,,
Jed,Steer,Jed Steer,GK,Aston Villa,39,,,,,,,,,,,,,,,,,,,,,,,,,,,,,,,
Conor,Hourihane,Conor Hourihane,MID,Aston Villa,49,,,,,,,,,,,,,,,,,,,,,,,,,,,,,,,
Emiliano,Martínez,Emiliano Martínez,GK,Aston Villa,55,,,,,,,,,,,,,,,,,,,,,,,,,,,,,,,
Björn,Engels,Björn Engels,DEF,Aston Villa,45,,,,,,,,,,,,,,,,,,,,,,,,,,,,,,,
Bertrand,Traoré,Bertrand Traoré,MID,Aston Villa,57,,,,,,,,,,,,,,,,,,,,,,,,,,,,,,,
Morgan,Sanson,Morgan Sanson,MID,Aston Villa,50,,,,,,,,,,,,,,,,,,,,,,,,,,,,,,,
John,McGinn,John McGinn,MID,Aston Villa,58,,,,,,,,,,,,,,,,,,,,,,,,,,,,,,,
Kortney,Hause,Kortney Hause,DEF,Aston Villa,44,,,,,,,,,,,,,,,,,,,,,,,,,,,,,,,
Mahmoud Ahmed,Ibrahim Hassan,Mahmoud Ahmed Ibrahim Hassan,MID,Aston Villa,54,,,,,,,,,,,,,,,,,,,,,,,,,,,,,,,
Tyrone,Mings,Tyrone Mings,DEF,Aston Villa,50,,,,,,,,,,,,,,,,,,,,,,,,,,,,,,,
Matt,Targett,Matt Targett,DEF,Aston Villa,47,,,,,,,,,,,,,,,,,,,,,,,,,,,,,,,
Ollie,Watkins,Ollie Watkins,FWD,Aston Villa,77,,,,,,,,,,,,,,,,,,,,,,,,,,,,,,,
Marvelous,Nakamba,Marvelous Nakamba,MID,Aston Villa,44,,,,,,,,,,,,,,,,,,,,,,,,,,,,,,,
Emiliano,Buendía Stati,Emiliano Buendía Stati,MID,Aston Villa,62,,,,,,,,,,,,,,,,,,,,,,,,,,,,,,,
Matthew,Cash,Matthew Cash,DEF,Aston Villa,51,,,,,,,,,,,,,,,,,,,,,,,,,,,,,,,
Ezri,Konsa Ngoyo,Ezri Konsa Ngoyo,DEF,Aston Villa,49,,,,,,,,,,,,,,,,,,,,,,,,,,,,,,,
Frédéric,Guilbert,Frédéric Guilbert,DEF,Aston Villa,45,,,,,,,,,,,,,,,,,,,,,,,,,,,,,,,
Wesley,Moraes,Wesley Moraes,FWD,Aston Villa,54,,,,,,,,,,,,,,,,,,,,,,,,,,,,,,,
Mbwana Ally,Samatta,Mbwana Ally Samatta,FWD,Aston Villa,55,,,,,,,,,,,,,,,,,,,,,,,,,,,,,,,
Keinan,Davis,Keinan Davis,FWD,Aston Villa,45,,,,,,,,,,,,,,,,,,,,,,,,,,,,,,,
Douglas Luiz,Soares de Paulo,Douglas Luiz Soares de Paulo,MID,Aston Villa,45,,,,,,,,,,,,,,,,,,,,,,,,,,,,,,,
Jacob,Ramsey,Jacob Ramsey,MID,Aston Villa,46,,,,,,,,,,,,,,,,,,,,,,,,,,,,,,,
Ashley,Young,Ashley Young,DEF,Aston Villa,47,,,,,,,,,,,,,,,,,,,,,,,,,,,,,,,
Lucas,Digne,Lucas Digne,DEF,Aston Villa,50,,,,,,,,,,,,,,,,,,,,,,,,,,,,,,,
Danny,Ings,Danny Ings,FWD,Aston Villa,77,,,,,,,,,,,,,,,,,,,,,,,,,,,,,,,
Leon,Bailey,Leon Bailey,MID,Aston Villa,63,,,,,,,,,,,,,,,,,,,,,,,,,,,,,,,
Aaron,Ramsey,Aaron Ramsey,MID,Aston Villa,44,,,,,,,,,,,,,,,,,,,,,,,,,,,,,,,
Jaden,Philogene-Bidace,Jaden Philogene-Bidace,MID,Aston Villa,50,,,,,,,,,,,,,,,,,,,,,,,,,,,,,,,
Carney,Chukwuemeka,Carney Chukwuemeka,MID,Aston Villa,45,,,,,,,,,,,,,,,,,,,,,,,,,,,,,,,
Cameron,Archer,Cameron Archer,FWD,Aston Villa,45,,,,,,,,,,,,,,,,,,,,,,,,,,,,,,,
Viljami,Sinisalo,Viljami Sinisalo,GK,Aston Villa,40,,,,,,,,,,,,,,,,,,,,,,,,,,,,,,,
Lamare,Bogarde,Lamare Bogarde,DEF,Aston Villa,40,,,,,,,,,,,,,,,,,,,,,,,,,,,,,,,
Tim,Iroegbunam,Tim Iroegbunam,MID,Aston Villa,45,,,,,,,,,,,,,,,,,,,,,,,,,,,,,,,
Filip,Marschall,Filip Marschall,GK,Aston Villa,40,,,,,,,,,,,,,,,,,,,,,,,,,,,,,,,
Josh,Feeney,Josh Feeney,DEF,Aston Villa,40,,,,,,,,,,,,,,,,,,,,,,,,,,,,,,,
Philippe,Coutinho Correia,Philippe Coutinho Correia,MID,Aston Villa,70,,,,,,,,,,,,,,,,,,,,,,,,,,,,,,,
Kaine,Hayden,Kaine Hayden,DEF,Aston Villa,40,,,,,,,,,,,,,,,,,,,,,,,,,,,,,,,
Robin,Olsen,Robin Olsen,GK,Aston Villa,40,,,,,,,,,,,,,,,,,,,,,,,,,,,,,,,
Pontus,Jansson,Pontus Jansson,DEF,Brentford,46,,,,,,,,,,,,,,,,,,,,,,,,,,,,,,,
Christian,Nørgaard,Christian Nørgaard,MID,Brentford,50,,,,,,,,,,,,,,,,,,,,,,,,,,,,,,,
Ivan,Toney,Ivan Toney,FWD,Brentford,66,,,,,,,,,,,,,,,,,,,,,,,,,,,,,,,
Tariqe,Fosu-Henry,Tariqe Fosu-Henry,MID,Brentford,51,,,,,,,,,,,,,,,,,,,,,,,,,,,,,,,
David,Raya Martin,David Raya Martin,GK,Brentford,43,,,,,,,,,,,,,,,,,,,,,,,,,,,,,,,
Sergi,Canós,Sergi Canós,MID,Brentford,55,,,,,,,,,,,,,,,,,,,,,,,,,,,,,,,
Pelenda Joshua,Dasilva,Pelenda Joshua Dasilva,MID,Brentford,53,,,,,,,,,,,,,,,,,,,,,,,,,,,,,,,
Rico,Henry,Rico Henry,DEF,Brentford,45,,,,,,,,,,,,,,,,,,,,,,,,,,,,,,,
Vitaly,Janelt,Vitaly Janelt,MID,Brentford,50,,,,,,,,,,,,,,,,,,,,,,,,,,,,,,,
Saman,Ghoddos,Saman Ghoddos,MID,Brentford,53,,,,,,,,,,,,,,,,,,,,,,,,,,,,,,,
Mathias,Jensen,Mathias Jensen,MID,Brentford,49,,,,,,,,,,,,,,,,,,,,,,,,,,,,,,,
Charlie,Goode,Charlie Goode,DEF,Brentford,39,,,,,,,,,,,,,,,,,,,,,,,,,,,,,,,
Marcus,Forss,Marcus Forss,FWD,Brentford,53,,,,,,,,,,,,,,,,,,,,,,,,,,,,,,,
Mads,Roerslev Rasmussen,Mads Roerslev Rasmussen,DEF,Brentford,43,,,,,,,,,,,,,,,,,,,,,,,,,,,,,,,
Mads,Bech Sørensen,Mads Bech Sørensen,DEF,Brentford,43,,,,,,,,,,,,,,,,,,,,,,,,,,,,,,,
Ethan,Pinnock,Ethan Pinnock,DEF,Brentford,45,,,,,,,,,,,,,,,,,,,,,,,,,,,,,,,
Ellery,Balcombe,Ellery Balcombe,GK,Brentford,40,,,,,,,,,,,,,,,,,,,,,,,,,,,,,,,
Jan,Zamburek,Jan Zamburek,MID,Brentford,44,,,,,,,,,,,,,,,,,,,,,,,,,,,,,,,
Patrik,Gunnarsson,Patrik Gunnarsson,GK,Brentford,39,,,,,,,,,,,,,,,,,,,,,,,,,,,,,,,
Halil,Dervişoğlu,Halil Dervişoğlu,FWD,Brentford,54,,,,,,,,,,,,,,,,,,,,,,,,,,,,,,,
Bryan,Mbeumo,Bryan Mbeumo,MID,Brentford,53,,,,,,,,,,,,,,,,,,,,,,,,,,,,,,,
Mads,Bidstrup,Mads Bidstrup,MID,Brentford,44,,,,,,,,,,,,,,,,,,,,,,,,,,,,,,,
Frank,Onyeka,Frank Onyeka,MID,Brentford,49,,,,,,,,,,,,,,,,,,,,,,,,,,,,,,,
Kristoffer,Ajer,Kristoffer Ajer,DEF,Brentford,44,,,,,,,,,,,,,,,,,,,,,,,,,,,,,,,
Dominic,Thompson,Dominic Thompson,DEF,Brentford,44,,,,,,,,,,,,,,,,,,,,,,,,,,,,,,,
Shandon,Baptiste,Shandon Baptiste,MID,Brentford,49,,,,,,,,,,,,,,,,,,,,,,,,,,,,,,,
Yoane,Wissa,Yoane Wissa,MID,Brentford,59,,,,,,,,,,,,,,,,,,,,,,,,,,,,,,,
Álvaro,Fernández,Álvaro Fernández,GK,Brentford,45,,,,,,,,,,,,,,,,,,,,,,,,,,,,,,,
Finley,Stevens,Finley Stevens,DEF,Brentford,39,,,,,,,,,,,,,,,,,,,,,,,,,,,,,,,
Mathias,Jorgensen,Mathias Jorgensen,DEF,Brentford,45,,,,,,,,,,,,,,,,,,,,,,,,,,,,,,,
Paris,Maghoma,Paris Maghoma,MID,Brentford,45,,,,,,,,,,,,,,,,,,,,,,,,,,,,,,,
Matthew,Cox,Matthew Cox,GK,Brentford,40,,,,,,,,,,,,,,,,,,,,,,,,,,,,,,,
Maxwell,Haygarth,Maxwell Haygarth,MID,Brentford,45,,,,,,,,,,,,,,,,,,,,,,,,,,,,,,,
Nathan,Young-Coombes,Nathan Young-Coombes,FWD,Brentford,45,,,,,,,,,,,,,,,,,,,,,,,,,,,,,,,
Myles,Peart-Harris,Myles Peart-Harris,MID,Brentford,45,,,,,,,,,,,,,,,,,,,,,,,,,,,,,,,
Jonas,Lössl,Jonas Lössl,GK,Brentford,45,,,,,,,,,,,,,,,,,,,,,,,,,,,,,,,
Adam,Lallana,Adam Lallana,MID,Brighton,53,,,,,,,,,,,,,,,,,,,,,,,,,,,,,,,
Jason,Steele,Jason Steele,GK,Brighton,40,,,,,,,,,,,,,,,,,,,,,,,,,,,,,,,
Pascal,Groß,Pascal Groß,MID,Brighton,57,,,,,,,,,,,,,,,,,,,,,,,,,,,,,,,
Shane,Duffy,Shane Duffy,DEF,Brighton,41,,,,,,,,,,,,,,,,,,,,,,,,,,,,,,,
Davy,Pröpper,Davy Pröpper,MID,Brighton,45,,,,,,,,,,,,,,,,,,,,,,,,,,,,,,,
Dan,Burn,Dan Burn,DEF,Brighton,44,,,,,,,,,,,,,,,,,,,,,,,,,,,,,,,
Lewis,Dunk,Lewis Dunk,DEF,Brighton,48,,,,,,,,,,,,,,,,,,,,,,,,,,,,,,,
Solomon,March,Solomon March,MID,Brighton,53,,,,,,,,,,,,,,,,,,,,,,,,,,,,,,,
Adam,Webster,Adam Webster,DEF,Brighton,44,,,,,,,,,,,,,,,,,,,,,,,,,,,,,,,
Joël,Veltman,Joël Veltman,DEF,Brighton,42,,,,,,,,,,,,,,,,,,,,,,,,,,,,,,,
Neal,Maupay,Neal Maupay,FWD,Brighton,65,,,,,,,,,,,,,,,,,,,,,,,,,,,,,,,
Leandro,Trossard,Leandro Trossard,MID,Brighton,61,,,,,,,,,,,,,,,,,,,,,,,,,,,,,,,
Mathew,Ryan,Mathew Ryan,GK,Brighton,45,,,,,,,,,,,,,,,,,,,,,,,,,,,,,,,
Alireza,Jahanbakhsh,Alireza Jahanbakhsh,MID,Brighton,55,,,,,,,,,,,,,,,,,,,,,,,,,,,,,,,
Bernardo,Fernandes Da Silva Junior,Bernardo Fernandes Da Silva Junior,DEF,Brighton,40,,,,,,,,,,,,,,,,,,,,,,,,,,,,,,,
Robert,Sánchez,Robert Sánchez,GK,Brighton,46,,,,,,,,,,,,,,,,,,,,,,,,,,,,,,,
Yves,Bissouma,Yves Bissouma,MID,Brighton,44,,,,,,,,,,,,,,,,,,,,,,,,,,,,,,,
Tariq,Lamptey,Tariq Lamptey,DEF,Brighton,45,,,,,,,,,,,,,,,,,,,,,,,,,,,,,,,
Aaron,Connolly,Aaron Connolly,FWD,Brighton,53,,,,,,,,,,,,,,,,,,,,,,,,,,,,,,,
Steven,Alzate,Steven Alzate,MID,Brighton,48,,,,,,,,,,,,,,,,,,,,,,,,,,,,,,,
Alexis,Mac Allister,Alexis Mac Allister,MID,Brighton,53,,,,,,,,,,,,,,,,,,,,,,,,,,,,,,,
Jakub,Moder,Jakub Moder,MID,Brighton,45,,,,,,,,,,,,,,,,,,,,,,,,,,,,,,,
Danny,Welbeck,Danny Welbeck,FWD,Brighton,59,,,,,,,,,,,,,,,,,,,,,,,,,,,,,,,
Enock,Mwepu,Enock Mwepu,MID,Brighton,59,,,,,,,,,,,,,,,,,,,,,,,,,,,,,,,
Kjell,Scherpen,Kjell Scherpen,GK,Brighton,45,,,,,,,,,,,,,,,,,,,,,,,,,,,,,,,
Florin,Andone,Florin Andone,FWD,Brighton,50,,,,,,,,,,,,,,,,,,,,,,,,,,,,,,,
Andi,Zeqiri,Andi Zeqiri,FWD,Brighton,45,,,,,,,,,,,,,,,,,,,,,,,,,,,,,,,
Michal,Karbownik,Michal Karbownik,DEF,Brighton,40,,,,,,,,,,,,,,,,,,,,,,,,,,,,,,,
Taylor,Richards,Taylor Richards,MID,Brighton,45,,,,,,,,,,,,,,,,,,,,,,,,,,,,,,,
Moisés,Caicedo,Moisés Caicedo,MID,Brighton,45,,,,,,,,,,,,,,,,,,,,,,,,,,,,,,,
Haydon,Roberts,Haydon Roberts,DEF,Brighton,40,,,,,,,,,,,,,,,,,,,,,,,,,,,,,,,
Marc,Cucurella,Marc Cucurella,DEF,Brighton,51,,,,,,,,,,,,,,,,,,,,,,,,,,,,,,,
Jürgen,Locadia,Jürgen Locadia,FWD,Brighton,44,,,,,,,,,,,,,,,,,,,,,,,,,,,,,,,
Jeremy,Sarmiento,Jeremy Sarmiento,MID,Brighton,45,,,,,,,,,,,,,,,,,,,,,,,,,,,,,,,
Ed,Turns,Ed Turns,DEF,Brighton,40,,,,,,,,,,,,,,,,,,,,,,,,,,,,,,,
Marc,Leonard,Marc Leonard,MID,Brighton,45,,,,,,,,,,,,,,,,,,,,,,,,,,,,,,,
Evan,Ferguson,Evan Ferguson,FWD,Brighton,45,,,,,,,,,,,,,,,,,,,,,,,,,,,,,,,
Thomas,McGill,Thomas McGill,GK,Brighton,40,,,,,,,,,,,,,,,,,,,,,,,,,,,,,,,
James,Tarkowski,James Tarkowski,DEF,Burnley,49,,,,,,,,,,,,,,,,,,,,,,,,,,,,,,,
Phil,Bardsley,Phil Bardsley,DEF,Burnley,39,,,,,,,,,,,,,,,,,,,,,,,,,,,,,,,
Erik,Pieters,Erik Pieters,DEF,Burnley,42,,,,,,,,,,,,,,,,,,,,,,,,,,,,,,,
Jack,Cork,Jack Cork,MID,Burnley,44,,,,,,,,,,,,,,,,,,,,,,,,,,,,,,,
Dale,Stephens,Dale Stephens,MID,Burnley,44,,,,,,,,,,,,,,,,,,,,,,,,,,,,,,,
Kevin,Long,Kevin Long,DEF,Burnley,40,,,,,,,,,,,,,,,,,,,,,,,,,,,,,,,
Jay,Rodriguez,Jay Rodriguez,FWD,Burnley,52,,,,,,,,,,,,,,,,,,,,,,,,,,,,,,,
Ashley,Barnes,Ashley Barnes,FWD,Burnley,52,,,,,,,,,,,,,,,,,,,,,,,,,,,,,,,
Ben,Mee,Ben Mee,DEF,Burnley,48,,,,,,,,,,,,,,,,,,,,,,,,,,,,,,,
Ashley,Westwood,Ashley Westwood,MID,Burnley,53,,,,,,,,,,,,,,,,,,,,,,,,,,,,,,,
Johann Berg,Gudmundsson,Johann Berg Gudmundsson,MID,Burnley,54,,,,,,,,,,,,,,,,,,,,,,,,,,,,,,,
Matthew,Lowton,Matthew Lowton,DEF,Burnley,44,,,,,,,,,,,,,,,,,,,,,,,,,,,,,,,
Matej,Vydra,Matej Vydra,FWD,Burnley,52,,,,,,,,,,,,,,,,,,,,,,,,,,,,,,,
Nick,Pope,Nick Pope,GK,Burnley,54,,,,,,,,,,,,,,,,,,,,,,,,,,,,,,,
Charlie,Taylor,Charlie Taylor,DEF,Burnley,44,,,,,,,,,,,,,,,,,,,,,,,,,,,,,,,
Will,Norris,Will Norris,GK,Burnley,44,,,,,,,,,,,,,,,,,,,,,,,,,,,,,,,
Josh,Brownhill,Josh Brownhill,MID,Burnley,43,,,,,,,,,,,,,,,,,,,,,,,,,,,,,,,
Josh,Benson,Josh Benson,MID,Burnley,45,,,,,,,,,,,,,,,,,,,,,,,,,,,,,,,
Bailey,Peacock-Farrell,Bailey Peacock-Farrell,GK,Burnley,45,,,,,,,,,,,,,,,,,,,,,,,,,,,,,,,
Dwight,McNeil,Dwight McNeil,MID,Burnley,57,,,,,,,,,,,,,,,,,,,,,,,,,,,,,,,
Nathan,Collins,Nathan Collins,DEF,Burnley,43,,,,,,,,,,,,,,,,,,,,,,,,,,,,,,,
Wayne,Hennessey,Wayne Hennessey,GK,Burnley,45,,,,,,,,,,,,,,,,,,,,,,,,,,,,,,,
Lewis,Richardson,Lewis Richardson,FWD,Burnley,44,,,,,,,,,,,,,,,,,,,,,,,,,,,,,,,
Bobby,Thomas,Bobby Thomas,DEF,Burnley,39,,,,,,,,,,,,,,,,,,,,,,,,,,,,,,,
Owen,Dodgson,Owen Dodgson,DEF,Burnley,39,,,,,,,,,,,,,,,,,,,,,,,,,,,,,,,
Aaron,Lennon,Aaron Lennon,MID,Burnley,49,,,,,,,,,,,,,,,,,,,,,,,,,,,,,,,
Maxwel,Cornet,Maxwel Cornet,MID,Burnley,59,,,,,,,,,,,,,,,,,,,,,,,,,,,,,,,
Connor,Roberts,Connor Roberts,DEF,Burnley,45,,,,,,,,,,,,,,,,,,,,,,,,,,,,,,,
César,Azpilicueta,César Azpilicueta,DEF,Chelsea,57,,,,,,,,,,,,,,,,,,,,,,,,,,,,,,,
Olivier,Giroud,Olivier Giroud,FWD,Chelsea,65,,,,,,,,,,,,,,,,,,,,,,,,,,,,,,,
Thiago,Emiliano da Silva,Thiago Emiliano da Silva,DEF,Chelsea,56,,,,,,,,,,,,,,,,,,,,,,,,,,,,,,,
Marcos,Alonso,Marcos Alonso,DEF,Chelsea,57,,,,,,,,,,,,,,,,,,,,,,,,,,,,,,,
Jorge Luiz,Frello Filho,Jorge Luiz Frello Filho,MID,Chelsea,59,,,,,,,,,,,,,,,,,,,,,,,,,,,,,,,
Ross,Barkley,Ross Barkley,MID,Chelsea,52,,,,,,,,,,,,,,,,,,,,,,,,,,,,,,,
Mateo,Kovacic,Mateo Kovacic,MID,Chelsea,50,,,,,,,,,,,,,,,,,,,,,,,,,,,,,,,
Michy,Batshuayi,Michy Batshuayi,FWD,Chelsea,55,,,,,,,,,,,,,,,,,,,,,,,,,,,,,,,
Antonio,Rüdiger,Antonio Rüdiger,DEF,Chelsea,62,,,,,,,,,,,,,,,,,,,,,,,,,,,,,,,
Kepa,Arrizabalaga,Kepa Arrizabalaga,GK,Chelsea,47,,,,,,,,,,,,,,,,,,,,,,,,,,,,,,,
N'Golo,Kanté,N'Golo Kanté,MID,Chelsea,49,,,,,,,,,,,,,,,,,,,,,,,,,,,,,,,
Hakim,Ziyech,Hakim Ziyech,MID,Chelsea,73,,,,,,,,,,,,,,,,,,,,,,,,,,,,,,,
Ruben,Loftus-Cheek,Ruben Loftus-Cheek,MID,Chelsea,54,,,,,,,,,,,,,,,,,,,,,,,,,,,,,,,
Andreas,Christensen,Andreas Christensen,DEF,Chelsea,46,,,,,,,,,,,,,,,,,,,,,,,,,,,,,,,
Timo,Werner,Timo Werner,FWD,Chelsea,86,,,,,,,,,,,,,,,,,,,,,,,,,,,,,,,
Benjamin,Chilwell,Benjamin Chilwell,DEF,Chelsea,56,,,,,,,,,,,,,,,,,,,,,,,,,,,,,,,
Tammy,Abraham,Tammy Abraham,FWD,Chelsea,65,,,,,,,,,,,,,,,,,,,,,,,,,,,,,,,
Christian,Pulisic,Christian Pulisic,MID,Chelsea,79,,,,,,,,,,,,,,,,,,,,,,,,,,,,,,,
Mason,Mount,Mason Mount,MID,Chelsea,77,,,,,,,,,,,,,,,,,,,,,,,,,,,,,,,
Ethan,Ampadu,Ethan Ampadu,DEF,Chelsea,45,,,,,,,,,,,,,,,,,,,,,,,,,,,,,,,
Callum,Hudson-Odoi,Callum Hudson-Odoi,MID,Chelsea,53,,,,,,,,,,,,,,,,,,,,,,,,,,,,,,,
Kai,Havertz,Kai Havertz,MID,Chelsea,78,,,,,,,,,,,,,,,,,,,,,,,,,,,,,,,
Reece,James,Reece James,DEF,Chelsea,62,,,,,,,,,,,,,,,,,,,,,,,,,,,,,,,
Edouard,Mendy,Edouard Mendy,GK,Chelsea,61,,,,,,,,,,,,,,,,,,,,,,,,,,,,,,,
Malang,Sarr,Malang Sarr,DEF,Chelsea,49,,,,,,,,,,,,,,,,,,,,,,,,,,,,,,,
Trevoh,Chalobah,Trevoh Chalobah,DEF,Chelsea,47,,,,,,,,,,,,,,,,,,,,,,,,,,,,,,,
Romelu,Lukaku,Romelu Lukaku,FWD,Chelsea,115,,,,,,,,,,,,,,,,,,,,,,,,,,,,,,,
Emerson,Palmieri dos Santos,Emerson Palmieri dos Santos,DEF,Chelsea,45,,,,,,,,,,,,,,,,,,,,,,,,,,,,,,,
Saúl,Ñíguez,Saúl Ñíguez,MID,Chelsea,49,,,,,,,,,,,,,,,,,,,,,,,,,,,,,,,
Marcus,Bettinelli,Marcus Bettinelli,GK,Chelsea,40,,,,,,,,,,,,,,,,,,,,,,,,,,,,,,,
Lewis,Hall,Lewis Hall,MID,Chelsea,45,,,,,,,,,,,,,,,,,,,,,,,,,,,,,,,
Harvey,Vale,Harvey Vale,MID,Chelsea,45,,,,,,,,,,,,,,,,,,,,,,,,,,,,,,,
Robert Kenedy,Nunes do Nascimento,Robert Kenedy Nunes do Nascimento,DEF,Chelsea,45,,,,,,,,,,,,,,,,,,,,,,,,,,,,,,,
Conor,Gallagher,Conor Gallagher,MID,Crystal Palace,61,,,,,,,,,,,,,,,,,,,,,,,,,,,,,,,
Vicente,Guaita,Vicente Guaita,GK,Crystal Palace,46,,,,,,,,,,,,,,,,,,,,,,,,,,,,,,,
James,Tomkins,James Tomkins,DEF,Crystal Palace,43,,,,,,,,,,,,,,,,,,,,,,,,,,,,,,,
James,McArthur,James McArthur,MID,Crystal Palace,43,,,,,,,,,,,,,,,,,,,,,,,,,,,,,,,
Christian,Benteke,Christian Benteke,FWD,Crystal Palace,62,,,,,,,,,,,,,,,,,,,,,,,,,,,,,,,
Cheikhou,Kouyaté,Cheikhou Kouyaté,DEF,Crystal Palace,45,,,,,,,,,,,,,,,,,,,,,,,,,,,,,,,
Martin,Kelly,Martin Kelly,DEF,Crystal Palace,39,,,,,,,,,,,,,,,,,,,,,,,,,,,,,,,
Luka,Milivojevic,Luka Milivojevic,MID,Crystal Palace,53,,,,,,,,,,,,,,,,,,,,,,,,,,,,,,,
Jordan,Ayew,Jordan Ayew,FWD,Crystal Palace,58,,,,,,,,,,,,,,,,,,,,,,,,,,,,,,,
Wilfried,Zaha,Wilfried Zaha,MID,Crystal Palace,68,,,,,,,,,,,,,,,,,,,,,,,,,,,,,,,
Jeffrey,Schlupp,Jeffrey Schlupp,MID,Crystal Palace,54,,,,,,,,,,,,,,,,,,,,,,,,,,,,,,,
Jack,Butland,Jack Butland,GK,Crystal Palace,44,,,,,,,,,,,,,,,,,,,,,,,,,,,,,,,
Jairo,Riedewald,Jairo Riedewald,MID,Crystal Palace,47,,,,,,,,,,,,,,,,,,,,,,,,,,,,,,,
Jarosław,Jach,Jarosław Jach,DEF,Crystal Palace,43,,,,,,,,,,,,,,,,,,,,,,,,,,,,,,,
Jean-Philippe,Mateta,Jean-Philippe Mateta,FWD,Crystal Palace,52,,,,,,,,,,,,,,,,,,,,,,,,,,,,,,,
Eberechi,Eze,Eberechi Eze,MID,Crystal Palace,59,,,,,,,,,,,,,,,,,,,,,,,,,,,,,,,
Nathan,Ferguson,Nathan Ferguson,DEF,Crystal Palace,45,,,,,,,,,,,,,,,,,,,,,,,,,,,,,,,
Tyrick,Mitchell,Tyrick Mitchell,DEF,Crystal Palace,45,,,,,,,,,,,,,,,,,,,,,,,,,,,,,,,
Will,Hughes,Will Hughes,MID,Crystal Palace,47,,,,,,,,,,,,,,,,,,,,,,,,,,,,,,,
Michael,Olise,Michael Olise,MID,Crystal Palace,54,,,,,,,,,,,,,,,,,,,,,,,,,,,,,,,
Joel,Ward,Joel Ward,DEF,Crystal Palace,45,,,,,,,,,,,,,,,,,,,,,,,,,,,,,,,
Marc,Guéhi,Marc Guéhi,DEF,Crystal Palace,46,,,,,,,,,,,,,,,,,,,,,,,,,,,,,,,
Joachim,Andersen,Joachim Andersen,DEF,Crystal Palace,45,,,,,,,,,,,,,,,,,,,,,,,,,,,,,,,
Nathaniel,Clyne,Nathaniel Clyne,DEF,Crystal Palace,43,,,,,,,,,,,,,,,,,,,,,,,,,,,,,,,
Reece,Hannam,Reece Hannam,DEF,Crystal Palace,39,,,,,,,,,,,,,,,,,,,,,,,,,,,,,,,
Jesurun,Rak-Sakyi,Jesurun Rak-Sakyi,MID,Crystal Palace,44,,,,,,,,,,,,,,,,,,,,,,,,,,,,,,,
Robert,Street,Robert Street,FWD,Crystal Palace,45,,,,,,,,,,,,,,,,,,,,,,,,,,,,,,,
Scott,Banks,Scott Banks,MID,Crystal Palace,45,,,,,,,,,,,,,,,,,,,,,,,,,,,,,,,
Remi,Matthews,Remi Matthews,GK,Crystal Palace,40,,,,,,,,,,,,,,,,,,,,,,,,,,,,,,,
Odsonne,Edouard,Odsonne Edouard,FWD,Crystal Palace,64,,,,,,,,,,,,,,,,,,,,,,,,,,,,,,,
Anwar,El Ghazi,Anwar El Ghazi,MID,Everton,56,,,,,,,,,,,,,,,,,,,,,,,,,,,,,,,
Fabian,Delph,Fabian Delph,MID,Everton,43,,,,,,,,,,,,,,,,,,,,,,,,,,,,,,,
Gylfi,Sigurdsson,Gylfi Sigurdsson,MID,Everton,67,,,,,,,,,,,,,,,,,,,,,,,,,,,,,,,
Seamus,Coleman,Seamus Coleman,DEF,Everton,49,,,,,,,,,,,,,,,,,,,,,,,,,,,,,,,
James,Rodríguez,James Rodríguez,MID,Everton,69,,,,,,,,,,,,,,,,,,,,,,,,,,,,,,,
Bernard,Anício Caldeira Duarte,Bernard Anício Caldeira Duarte,MID,Everton,55,,,,,,,,,,,,,,,,,,,,,,,,,,,,,,,
Michael,Keane,Michael Keane,DEF,Everton,49,,,,,,,,,,,,,,,,,,,,,,,,,,,,,,,
Jordan,Pickford,Jordan Pickford,GK,Everton,49,,,,,,,,,,,,,,,,,,,,,,,,,,,,,,,
Allan,Marques Loureiro,Allan Marques Loureiro,MID,Everton,44,,,,,,,,,,,,,,,,,,,,,,,,,,,,,,,
André Filipe,Tavares Gomes,André Filipe Tavares Gomes,MID,Everton,49,,,,,,,,,,,,,,,,,,,,,,,,,,,,,,,
Abdoulaye,Doucouré,Abdoulaye Doucouré,MID,Everton,54,,,,,,,,,,,,,,,,,,,,,,,,,,,,,,,
Alex,Iwobi,Alex Iwobi,MID,Everton,58,,,,,,,,,,,,,,,,,,,,,,,,,,,,,,,
Yerry,Mina,Yerry Mina,DEF,Everton,49,,,,,,,,,,,,,,,,,,,,,,,,,,,,,,,
Tom,Davies,Tom Davies,MID,Everton,48,,,,,,,,,,,,,,,,,,,,,,,,,,,,,,,
Dominic,Calvert-Lewin,Dominic Calvert-Lewin,FWD,Everton,79,,,,,,,,,,,,,,,,,,,,,,,,,,,,,,,
Mason,Holgate,Mason Holgate,DEF,Everton,42,,,,,,,,,,,,,,,,,,,,,,,,,,,,,,,
Ben,Godfrey,Ben Godfrey,DEF,Everton,48,,,,,,,,,,,,,,,,,,,,,,,,,,,,,,,
Richarlison,de Andrade,Richarlison de Andrade,FWD,Everton,74,,,,,,,,,,,,,,,,,,,,,,,,,,,,,,,
João,Virgínia,João Virgínia,GK,Everton,40,,,,,,,,,,,,,,,,,,,,,,,,,,,,,,,
Asmir,Begović,Asmir Begović,GK,Everton,40,,,,,,,,,,,,,,,,,,,,,,,,,,,,,,,
Andros,Townsend,Andros Townsend,MID,Everton,52,,,,,,,,,,,,,,,,,,,,,,,,,,,,,,,
Demarai,Gray,Demarai Gray,MID,Everton,55,,,,,,,,,,,,,,,,,,,,,,,,,,,,,,,
Jonjoe,Kenny,Jonjoe Kenny,DEF,Everton,44,,,,,,,,,,,,,,,,,,,,,,,,,,,,,,,
Anthony,Gordon,Anthony Gordon,MID,Everton,45,,,,,,,,,,,,,,,,,,,,,,,,,,,,,,,
Jean-Philippe,Gbamin,Jean-Philippe Gbamin,MID,Everton,44,,,,,,,,,,,,,,,,,,,,,,,,,,,,,,,
Jarrad,Branthwaite,Jarrad Branthwaite,DEF,Everton,40,,,,,,,,,,,,,,,,,,,,,,,,,,,,,,,
Nathan,Broadhead,Nathan Broadhead,FWD,Everton,45,,,,,,,,,,,,,,,,,,,,,,,,,,,,,,,
Moise,Kean,Moise Kean,FWD,Everton,60,,,,,,,,,,,,,,,,,,,,,,,,,,,,,,,
Niels,Nkounkou,Niels Nkounkou,DEF,Everton,40,,,,,,,,,,,,,,,,,,,,,,,,,,,,,,,
Andy,Lonergan,Andy Lonergan,GK,Everton,40,,,,,,,,,,,,,,,,,,,,,,,,,,,,,,,
Salomón,Rondón,Salomón Rondón,FWD,Everton,60,,,,,,,,,,,,,,,,,,,,,,,,,,,,,,,
Ellis,Simms,Ellis Simms,FWD,Everton,45,,,,,,,,,,,,,,,,,,,,,,,,,,,,,,,
Lewis,Dobbin,Lewis Dobbin,FWD,Everton,45,,,,,,,,,,,,,,,,,,,,,,,,,,,,,,,
Charlie,Whitaker,Charlie Whitaker,MID,Everton,45,,,,,,,,,,,,,,,,,,,,,,,,,,,,,,,
Harry,Tyrer,Harry Tyrer,GK,Everton,40,,,,,,,,,,,,,,,,,,,,,,,,,,,,,,,
Cenk,Tosun,Cenk Tosun,FWD,Everton,50,,,,,,,,,,,,,,,,,,,,,,,,,,,,,,,
Reece,Welch,Reece Welch,DEF,Everton,40,,,,,,,,,,,,,,,,,,,,,,,,,,,,,,,
Tyler,Onyango,Tyler Onyango,MID,Everton,45,,,,,,,,,,,,,,,,,,,,,,,,,,,,,,,
Nathan,Patterson,Nathan Patterson,DEF,Everton,45,,,,,,,,,,,,,,,,,,,,,,,,,,,,,,,
Vitalii,Mykolenko,Vitalii Mykolenko,DEF,Everton,50,,,,,,,,,,,,,,,,,,,,,,,,,,,,,,,
Kasper,Schmeichel,Kasper Schmeichel,GK,Leicester,48,,,,,,,,,,,,,,,,,,,,,,,,,,,,,,,
Jonny,Evans,Jonny Evans,DEF,Leicester,54,,,,,,,,,,,,,,,,,,,,,,,,,,,,,,,
Marc,Albrighton,Marc Albrighton,MID,Leicester,52,,,,,,,,,,,,,,,,,,,,,,,,,,,,,,,
Nampalys,Mendy,Nampalys Mendy,MID,Leicester,43,,,,,,,,,,,,,,,,,,,,,,,,,,,,,,,
Danny,Ward,Danny Ward,GK,Leicester,40,,,,,,,,,,,,,,,,,,,,,,,,,,,,,,,
Jamie,Vardy,Jamie Vardy,FWD,Leicester,103,,,,,,,,,,,,,,,,,,,,,,,,,,,,,,,
Dennis,Praet,Dennis Praet,MID,Leicester,49,,,,,,,,,,,,,,,,,,,,,,,,,,,,,,,
Ricardo Domingos,Barbosa Pereira,Ricardo Domingos Barbosa Pereira,DEF,Leicester,52,,,,,,,,,,,,,,,,,,,,,,,,,,,,,,,
Daniel,Amartey,Daniel Amartey,DEF,Leicester,38,,,,,,,,,,,,,,,,,,,,,,,,,,,,,,,
Timothy,Castagne,Timothy Castagne,DEF,Leicester,53,,,,,,,,,,,,,,,,,,,,,,,,,,,,,,,
Youri,Tielemans,Youri Tielemans,MID,Leicester,64,,,,,,,,,,,,,,,,,,,,,,,,,,,,,,,
Ayoze,Pérez,Ayoze Pérez,MID,Leicester,57,,,,,,,,,,,,,,,,,,,,,,,,,,,,,,,
James,Maddison,James Maddison,MID,Leicester,70,,,,,,,,,,,,,,,,,,,,,,,,,,,,,,,
Kelechi,Iheanacho,Kelechi Iheanacho,FWD,Leicester,69,,,,,,,,,,,,,,,,,,,,,,,,,,,,,,,
Hamza,Choudhury,Hamza Choudhury,MID,Leicester,44,,,,,,,,,,,,,,,,,,,,,,,,,,,,,,,
Harvey,Barnes,Harvey Barnes,MID,Leicester,65,,,,,,,,,,,,,,,,,,,,,,,,,,,,,,,
Wilfred,Ndidi,Wilfred Ndidi,MID,Leicester,48,,,,,,,,,,,,,,,,,,,,,,,,,,,,,,,
Çaglar,Söyüncü,Çaglar Söyüncü,DEF,Leicester,49,,,,,,,,,,,,,,,,,,,,,,,,,,,,,,,
James,Justin,James Justin,DEF,Leicester,49,,,,,,,,,,,,,,,,,,,,,,,,,,,,,,,
Luke,Thomas,Luke Thomas,DEF,Leicester,43,,,,,,,,,,,,,,,,,,,,,,,,,,,,,,,
Wesley,Fofana,Wesley Fofana,DEF,Leicester,43,,,,,,,,,,,,,,,,,,,,,,,,,,,,,,,
Jannik,Vestergaard,Jannik Vestergaard,DEF,Leicester,47,,,,,,,,,,,,,,,,,,,,,,,,,,,,,,,
Patson,Daka,Patson Daka,FWD,Leicester,71,,,,,,,,,,,,,,,,,,,,,,,,,,,,,,,
Boubakary,Soumaré,Boubakary Soumaré,MID,Leicester,48,,,,,,,,,,,,,,,,,,,,,,,,,,,,,,,
Ryan,Bertrand,Ryan Bertrand,DEF,Leicester,46,,,,,,,,,,,,,,,,,,,,,,,,,,,,,,,
Kiernan,Dewsbury-Hall,Kiernan Dewsbury-Hall,MID,Leicester,44,,,,,,,,,,,,,,,,,,,,,,,,,,,,,,,
Eldin,Jakupovic,Eldin Jakupovic,GK,Leicester,40,,,,,,,,,,,,,,,,,,,,,,,,,,,,,,,
Ademola,Lookman,Ademola Lookman,MID,Leicester,60,,,,,,,,,,,,,,,,,,,,,,,,,,,,,,,
Vontae,Daley-Campbell,Vontae Daley-Campbell,DEF,Leicester,40,,,,,,,,,,,,,,,,,,,,,,,,,,,,,,,
Ben,Nelson,Ben Nelson,DEF,Leicester,40,,,,,,,,,,,,,,,,,,,,,,,,,,,,,,,
Lewis,Brunt,Lewis Brunt,MID,Leicester,45,,,,,,,,,,,,,,,,,,,,,,,,,,,,,,,
Kasey,McAteer,Kasey McAteer,MID,Leicester,45,,,,,,,,,,,,,,,,,,,,,,,,,,,,,,,
Pablo,Hernández Domínguez,Pablo Hernández Domínguez,MID,Leeds,55,,,,,,,,,,,,,,,,,,,,,,,,,,,,,,,
Francisco,Casilla Cortés,Francisco Casilla Cortés,GK,Leeds,45,,,,,,,,,,,,,,,,,,,,,,,,,,,,,,,
Liam,Cooper,Liam Cooper,DEF,Leeds,44,,,,,,,,,,,,,,,,,,,,,,,,,,,,,,,
Luke,Ayling,Luke Ayling,DEF,Leeds,43,,,,,,,,,,,,,,,,,,,,,,,,,,,,,,,
Mateusz,Klich,Mateusz Klich,MID,Leeds,52,,,,,,,,,,,,,,,,,,,,,,,,,,,,,,,
Rodrigo,Moreno,Rodrigo Moreno,FWD,Leeds,62,,,,,,,,,,,,,,,,,,,,,,,,,,,,,,,
Stuart,Dallas,Stuart Dallas,MID,Leeds,50,,,,,,,,,,,,,,,,,,,,,,,,,,,,,,,
Patrick,Bamford,Patrick Bamford,FWD,Leeds,77,,,,,,,,,,,,,,,,,,,,,,,,,,,,,,,
Diego,Llorente,Diego Llorente,DEF,Leeds,45,,,,,,,,,,,,,,,,,,,,,,,,,,,,,,,
Kalvin,Phillips,Kalvin Phillips,MID,Leeds,47,,,,,,,,,,,,,,,,,,,,,,,,,,,,,,,
Hélder Wander,Sousa de Azevedo e Costa,Hélder Wander Sousa de Azevedo e Costa,MID,Leeds,54,,,,,,,,,,,,,,,,,,,,,,,,,,,,,,,
Tyler,Roberts,Tyler Roberts,MID,Leeds,48,,,,,,,,,,,,,,,,,,,,,,,,,,,,,,,
Robin,Koch,Robin Koch,DEF,Leeds,43,,,,,,,,,,,,,,,,,,,,,,,,,,,,,,,
Ian Carlo,Poveda-Ocampo,Ian Carlo Poveda-Ocampo,MID,Leeds,45,,,,,,,,,,,,,,,,,,,,,,,,,,,,,,,
Raphael,Dias Belloli,Raphael Dias Belloli,MID,Leeds,65,,,,,,,,,,,,,,,,,,,,,,,,,,,,,,,
Jamie,Shackleton,Jamie Shackleton,MID,Leeds,44,,,,,,,,,,,,,,,,,,,,,,,,,,,,,,,
Pascal,Struijk,Pascal Struijk,DEF,Leeds,43,,,,,,,,,,,,,,,,,,,,,,,,,,,,,,,
Illan,Meslier,Illan Meslier,GK,Leeds,48,,,,,,,,,,,,,,,,,,,,,,,,,,,,,,,
Jack,Harrison,Jack Harrison,MID,Leeds,55,,,,,,,,,,,,,,,,,,,,,,,,,,,,,,,
Daniel,James,Daniel James,MID,Leeds,60,,,,,,,,,,,,,,,,,,,,,,,,,,,,,,,
Héctor Junior,Firpo Adames,Héctor Junior Firpo Adames,DEF,Leeds,47,,,,,,,,,,,,,,,,,,,,,,,,,,,,,,,
Kristoffer,Klaesson,Kristoffer Klaesson,GK,Leeds,44,,,,,,,,,,,,,,,,,,,,,,,,,,,,,,,
Sam,Greenwood,Sam Greenwood,FWD,Leeds,45,,,,,,,,,,,,,,,,,,,,,,,,,,,,,,,
Crysencio,Summerville,Crysencio Summerville,MID,Leeds,45,,,,,,,,,,,,,,,,,,,,,,,,,,,,,,,
Adam,Forshaw,Adam Forshaw,MID,Leeds,45,,,,,,,,,,,,,,,,,,,,,,,,,,,,,,,
Cody,Drameh,Cody Drameh,DEF,Leeds,39,,,,,,,,,,,,,,,,,,,,,,,,,,,,,,,
Charlie,Cresswell,Charlie Cresswell,DEF,Leeds,40,,,,,,,,,,,,,,,,,,,,,,,,,,,,,,,
Liam,McCarron,Liam McCarron,MID,Leeds,45,,,,,,,,,,,,,,,,,,,,,,,,,,,,,,,
Joe,Gelhardt,Joe Gelhardt,FWD,Leeds,46,,,,,,,,,,,,,,,,,,,,,,,,,,,,,,,
Nohan,Kenneh,Nohan Kenneh,MID,Leeds,44,,,,,,,,,,,,,,,,,,,,,,,,,,,,,,,
Stuart,McKinstry,Stuart McKinstry,MID,Leeds,43,,,,,,,,,,,,,,,,,,,,,,,,,,,,,,,
Leo Fuhr,Hjelde,Leo Fuhr Hjelde,DEF,Leeds,40,,,,,,,,,,,,,,,,,,,,,,,,,,,,,,,
Lewis,Bate,Lewis Bate,MID,Leeds,45,,,,,,,,,,,,,,,,,,,,,,,,,,,,,,,
Jack,Jenkins,Jack Jenkins,MID,Leeds,45,,,,,,,,,,,,,,,,,,,,,,,,,,,,,,,
Kris,Moore,Kris Moore,DEF,Leeds,40,,,,,,,,,,,,,,,,,,,,,,,,,,,,,,,
Archie,Gray,Archie Gray,MID,Leeds,45,,,,,,,,,,,,,,,,,,,,,,,,,,,,,,,
James,Milner,James Milner,MID,Liverpool,49,,,,,,,,,,,,,,,,,,,,,,,,,,,,,,,
Jordan,Henderson,Jordan Henderson,MID,Liverpool,51,,,,,,,,,,,,,,,,,,,,,,,,,,,,,,,
Adrián,San Miguel del Castillo,Adrián San Miguel del Castillo,GK,Liverpool,43,,,,,,,,,,,,,,,,,,,,,,,,,,,,,,,
Joel,Matip,Joel Matip,DEF,Liverpool,49,,,,,,,,,,,,,,,,,,,,,,,,,,,,,,,
Thiago,Alcántara do Nascimento,Thiago Alcántara do Nascimento,MID,Liverpool,53,,,,,,,,,,,,,,,,,,,,,,,,,,,,,,,
Xherdan,Shaqiri,Xherdan Shaqiri,MID,Liverpool,59,,,,,,,,,,,,,,,,,,,,,,,,,,,,,,,
Alex,Oxlade-Chamberlain,Alex Oxlade-Chamberlain,MID,Liverpool,58,,,,,,,,,,,,,,,,,,,,,,,,,,,,,,,
Roberto,Firmino,Roberto Firmino,FWD,Liverpool,87,,,,,,,,,,,,,,,,,,,,,,,,,,,,,,,
Virgil,van Dijk,Virgil van Dijk,DEF,Liverpool,66,,,,,,,,,,,,,,,,,,,,,,,,,,,,,,,
Sadio,Mané,Sadio Mané,MID,Liverpool,117,,,,,,,,,,,,,,,,,,,,,,,,,,,,,,,
Alisson,Ramses Becker,Alisson Ramses Becker,GK,Liverpool,60,,,,,,,,,,,,,,,,,,,,,,,,,,,,,,,
Fabio Henrique,Tavares,Fabio Henrique Tavares,MID,Liverpool,54,,,,,,,,,,,,,,,,,,,,,,,,,,,,,,,
Mohamed,Salah,Mohamed Salah,MID,Liverpool,127,,,,,,,,,,,,,,,,,,,,,,,,,,,,,,,
Andrew,Robertson,Andrew Robertson,DEF,Liverpool,70,,,,,,,,,,,,,,,,,,,,,,,,,,,,,,,
Divock,Origi,Divock Origi,FWD,Liverpool,48,,,,,,,,,,,,,,,,,,,,,,,,,,,,,,,
Takumi,Minamino,Takumi Minamino,MID,Liverpool,51,,,,,,,,,,,,,,,,,,,,,,,,,,,,,,,
Trent,Alexander-Arnold,Trent Alexander-Arnold,DEF,Liverpool,84,,,,,,,,,,,,,,,,,,,,,,,,,,,,,,,
Joseph,Gomez,Joseph Gomez,DEF,Liverpool,47,,,,,,,,,,,,,,,,,,,,,,,,,,,,,,,
Naby,Keita,Naby Keita,MID,Liverpool,50,,,,,,,,,,,,,,,,,,,,,,,,,,,,,,,
Diogo,Jota,Diogo Jota,MID,Liverpool,84,,,,,,,,,,,,,,,,,,,,,,,,,,,,,,,
Nathaniel,Phillips,Nathaniel Phillips,DEF,Liverpool,42,,,,,,,,,,,,,,,,,,,,,,,,,,,,,,,
Caoimhin,Kelleher,Caoimhin Kelleher,GK,Liverpool,43,,,,,,,,,,,,,,,,,,,,,,,,,,,,,,,
Ibrahima,Konaté,Ibrahima Konaté,DEF,Liverpool,51,,,,,,,,,,,,,,,,,,,,,,,,,,,,,,,
Curtis,Jones,Curtis Jones,MID,Liverpool,50,,,,,,,,,,,,,,,,,,,,,,,,,,,,,,,
Konstantinos,Tsimikas,Konstantinos Tsimikas,DEF,Liverpool,37,,,,,,,,,,,,,,,,,,,,,,,,,,,,,,,
Neco,Williams,Neco Williams,DEF,Liverpool,38,,,,,,,,,,,,,,,,,,,,,,,,,,,,,,,
Rhys,Williams,Rhys Williams,DEF,Liverpool,44,,,,,,,,,,,,,,,,,,,,,,,,,,,,,,,
Harvey,Elliott,Harvey Elliott,MID,Liverpool,53,,,,,,,,,,,,,,,,,,,,,,,,,,,,,,,
Ben,Woodburn,Ben Woodburn,MID,Liverpool,45,,,,,,,,,,,,,,,,,,,,,,,,,,,,,,,
Tyler,Morton,Tyler Morton,MID,Liverpool,45,,,,,,,,,,,,,,,,,,,,,,,,,,,,,,,
Kaide,Gordon,Kaide Gordon,MID,Liverpool,45,,,,,,,,,,,,,,,,,,,,,,,,,,,,,,,
Conor,Bradley,Conor Bradley,DEF,Liverpool,40,,,,,,,,,,,,,,,,,,,,,,,,,,,,,,,
Owen,Beck,Owen Beck,DEF,Liverpool,40,,,,,,,,,,,,,,,,,,,,,,,,,,,,,,,
Marcelo,de Araújo Pitaluga Filho,Marcelo de Araújo Pitaluga Filho,GK,Liverpool,40,,,,,,,,,,,,,,,,,,,,,,,,,,,,,,,
Jarell,Quansah,Jarell Quansah,DEF,Liverpool,40,,,,,,,,,,,,,,,,,,,,,,,,,,,,,,,
Jack,Grealish,Jack Grealish,MID,Man City,76,,,,,,,,,,,,,,,,,,,,,,,,,,,,,,,
Kyle,Walker,Kyle Walker,DEF,Man City,54,,,,,,,,,,,,,,,,,,,,,,,,,,,,,,,
Ilkay,Gündogan,Ilkay Gündogan,MID,Man City,73,,,,,,,,,,,,,,,,,,,,,,,,,,,,,,,
Kevin,De Bruyne,Kevin De Bruyne,MID,Man City,121,,,,,,,,,,,,,,,,,,,,,,,,,,,,,,,
John,Stones,John Stones,DEF,Man City,52,,,,,,,,,,,,,,,,,,,,,,,,,,,,,,,
Benjamin,Mendy,Benjamin Mendy,DEF,Man City,52,,,,,,,,,,,,,,,,,,,,,,,,,,,,,,,
Riyad,Mahrez,Riyad Mahrez,MID,Man City,86,,,,,,,,,,,,,,,,,,,,,,,,,,,,,,,
Raheem,Sterling,Raheem Sterling,MID,Man City,107,,,,,,,,,,,,,,,,,,,,,,,,,,,,,,,
João Pedro Cavaco,Cancelo,João Pedro Cavaco Cancelo,DEF,Man City,70,,,,,,,,,,,,,,,,,,,,,,,,,,,,,,,
Ederson,Santana de Moraes,Ederson Santana de Moraes,GK,Man City,61,,,,,,,,,,,,,,,,,,,,,,,,,,,,,,,
Nathan,Aké,Nathan Aké,DEF,Man City,47,,,,,,,,,,,,,,,,,,,,,,,,,,,,,,,
Aymeric,Laporte,Aymeric Laporte,DEF,Man City,56,,,,,,,,,,,,,,,,,,,,,,,,,,,,,,,
Zack,Steffen,Zack Steffen,GK,Man City,44,,,,,,,,,,,,,,,,,,,,,,,,,,,,,,,
Bernardo Mota,Veiga de Carvalho e Silva,Bernardo Mota Veiga de Carvalho e Silva,MID,Man City,75,,,,,,,,,,,,,,,,,,,,,,,,,,,,,,,
Rúben Santos,Gato Alves Dias,Rúben Santos Gato Alves Dias,DEF,Man City,63,,,,,,,,,,,,,,,,,,,,,,,,,,,,,,,
Gabriel Fernando,de Jesus,Gabriel Fernando de Jesus,FWD,Man City,86,,,,,,,,,,,,,,,,,,,,,,,,,,,,,,,
Oleksandr,Zinchenko,Oleksandr Zinchenko,DEF,Man City,53,,,,,,,,,,,,,,,,,,,,,,,,,,,,,,,
Phil,Foden,Phil Foden,MID,Man City,80,,,,,,,,,,,,,,,,,,,,,,,,,,,,,,,
Rodrigo,Hernandez,Rodrigo Hernandez,MID,Man City,55,,,,,,,,,,,,,,,,,,,,,,,,,,,,,,,
Ferran,Torres,Ferran Torres,MID,Man City,67,,,,,,,,,,,,,,,,,,,,,,,,,,,,,,,
Fernando,Luiz Rosa,Fernando Luiz Rosa,MID,Man City,48,,,,,,,,,,,,,,,,,,,,,,,,,,,,,,,
Cole,Palmer,Cole Palmer,MID,Man City,45,,,,,,,,,,,,,,,,,,,,,,,,,,,,,,,
Samuel,Edozie,Samuel Edozie,MID,Man City,48,,,,,,,,,,,,,,,,,,,,,,,,,,,,,,,
Tommy,Doyle,Tommy Doyle,MID,Man City,45,,,,,,,,,,,,,,,,,,,,,,,,,,,,,,,
Scott,Carson,Scott Carson,GK,Man City,39,,,,,,,,,,,,,,,,,,,,,,,,,,,,,,,
Luke,Mbete,Luke Mbete,DEF,Man City,39,,,,,,,,,,,,,,,,,,,,,,,,,,,,,,,
Joshua,Wilson-Esbrand,Joshua Wilson-Esbrand,DEF,Man City,39,,,,,,,,,,,,,,,,,,,,,,,,,,,,,,,
Romeo,Lavia,Romeo Lavia,MID,Man City,44,,,,,,,,,,,,,,,,,,,,,,,,,,,,,,,
Cieran,Slicker,Cieran Slicker,GK,Man City,40,,,,,,,,,,,,,,,,,,,,,,,,,,,,,,,
James,McAtee,James McAtee,MID,Man City,44,,,,,,,,,,,,,,,,,,,,,,,,,,,,,,,
Conrad,Egan-Riley,Conrad Egan-Riley,DEF,Man City,40,,,,,,,,,,,,,,,,,,,,,,,,,,,,,,,
Kayky da Silva,Chagas,Kayky da Silva Chagas,FWD,Man City,50,,,,,,,,,,,,,,,,,,,,,,,,,,,,,,,
Edinson,Cavani,Edinson Cavani,FWD,Man Utd,84,,,,,,,,,,,,,,,,,,,,,,,,,,,,,,,
David,de Gea,David de Gea,GK,Man Utd,52,,,,,,,,,,,,,,,,,,,,,,,,,,,,,,,
Nemanja,Matic,Nemanja Matic,MID,Man Utd,44,,,,,,,,,,,,,,,,,,,,,,,,,,,,,,,
Paul,Pogba,Paul Pogba,MID,Man Utd,74,,,,,,,,,,,,,,,,,,,,,,,,,,,,,,,
Harry,Maguire,Harry Maguire,DEF,Man Utd,54,,,,,,,,,,,,,,,,,,,,,,,,,,,,,,,
Frederico,Rodrigues de Paula Santos,Frederico Rodrigues de Paula Santos,MID,Man Utd,49,,,,,,,,,,,,,,,,,,,,,,,,,,,,,,,
Luke,Shaw,Luke Shaw,DEF,Man Utd,50,,,,,,,,,,,,,,,,,,,,,,,,,,,,,,,
Jesse,Lingard,Jesse Lingard,MID,Man Utd,67,,,,,,,,,,,,,,,,,,,,,,,,,,,,,,,
Bruno Miguel,Borges Fernandes,Bruno Miguel Borges Fernandes,MID,Man Utd,117,,,,,,,,,,,,,,,,,,,,,,,,,,,,,,,
Anthony,Martial,Anthony Martial,FWD,Man Utd,76,,,,,,,,,,,,,,,,,,,,,,,,,,,,,,,
Alex Nicolao,Telles,Alex Nicolao Telles,DEF,Man Utd,50,,,,,,,,,,,,,,,,,,,,,,,,,,,,,,,
Dean,Henderson,Dean Henderson,GK,Man Utd,47,,,,,,,,,,,,,,,,,,,,,,,,,,,,,,,
Marcus,Rashford,Marcus Rashford,MID,Man Utd,94,,,,,,,,,,,,,,,,,,,,,,,,,,,,,,,
Donny,van de Beek,Donny van de Beek,MID,Man Utd,57,,,,,,,,,,,,,,,,,,,,,,,,,,,,,,,
Axel,Tuanzebe,Axel Tuanzebe,DEF,Man Utd,44,,,,,,,,,,,,,,,,,,,,,,,,,,,,,,,
Victor,Lindelöf,Victor Lindelöf,DEF,Man Utd,48,,,,,,,,,,,,,,,,,,,,,,,,,,,,,,,
Scott,McTominay,Scott McTominay,MID,Man Utd,54,,,,,,,,,,,,,,,,,,,,,,,,,,,,,,,
Eric,Bailly,Eric Bailly,DEF,Man Utd,49,,,,,,,,,,,,,,,,,,,,,,,,,,,,,,,
Aaron,Wan-Bissaka,Aaron Wan-Bissaka,DEF,Man Utd,51,,,,,,,,,,,,,,,,,,,,,,,,,,,,,,,
Mason,Greenwood,Mason Greenwood,MID,Man Utd,72,,,,,,,,,,,,,,,,,,,,,,,,,,,,,,,
Juan,Mata,Juan Mata,MID,Man Utd,47,,,,,,,,,,,,,,,,,,,,,,,,,,,,,,,
Jadon,Sancho,Jadon Sancho,MID,Man Utd,89,,,,,,,,,,,,,,,,,,,,,,,,,,,,,,,
Tom,Heaton,Tom Heaton,GK,Man Utd,39,,,,,,,,,,,,,,,,,,,,,,,,,,,,,,,
José Diogo,Dalot Teixeira,José Diogo Dalot Teixeira,DEF,Man Utd,45,,,,,,,,,,,,,,,,,,,,,,,,,,,,,,,
Andreas,Pereira,Andreas Pereira,MID,Man Utd,50,,,,,,,,,,,,,,,,,,,,,,,,,,,,,,,
Anthony,Elanga,Anthony Elanga,MID,Man Utd,48,,,,,,,,,,,,,,,,,,,,,,,,,,,,,,,
Raphaël,Varane,Raphaël Varane,DEF,Man Utd,55,,,,,,,,,,,,,,,,,,,,,,,,,,,,,,,
Cristiano Ronaldo,dos Santos Aveiro,Cristiano Ronaldo dos Santos Aveiro,FWD,Man Utd,125,,,,,,,,,,,,,,,,,,,,,,,,,,,,,,,
Phil,Jones,Phil Jones,DEF,Man Utd,45,,,,,,,,,,,,,,,,,,,,,,,,,,,,,,,
Amad,Diallo,Amad Diallo,MID,Man Utd,50,,,,,,,,,,,,,,,,,,,,,,,,,,,,,,,
Joseph,Willock,Joseph Willock,MID,Newcastle,57,,,,,,,,,,,,,,,,,,,,,,,,,,,,,,,
Chris,Wood,Chris Wood,FWD,Newcastle,67,,,,,,,,,,,,,,,,,,,,,,,,,,,,,,,
Jonjo,Shelvey,Jonjo Shelvey,MID,Newcastle,53,,,,,,,,,,,,,,,,,,,,,,,,,,,,,,,
Matt,Ritchie,Matt Ritchie,DEF,Newcastle,49,,,,,,,,,,,,,,,,,,,,,,,,,,,,,,,
Ciaran,Clark,Ciaran Clark,DEF,Newcastle,44,,,,,,,,,,,,,,,,,,,,,,,,,,,,,,,
Karl,Darlow,Karl Darlow,GK,Newcastle,45,,,,,,,,,,,,,,,,,,,,,,,,,,,,,,,
Martin,Dubravka,Martin Dubravka,GK,Newcastle,44,,,,,,,,,,,,,,,,,,,,,,,,,,,,,,,
Callum,Wilson,Callum Wilson,FWD,Newcastle,72,,,,,,,,,,,,,,,,,,,,,,,,,,,,,,,
Jeff,Hendrick,Jeff Hendrick,MID,Newcastle,48,,,,,,,,,,,,,,,,,,,,,,,,,,,,,,,
Ryan,Fraser,Ryan Fraser,MID,Newcastle,53,,,,,,,,,,,,,,,,,,,,,,,,,,,,,,,
Jamaal,Lascelles,Jamaal Lascelles,DEF,Newcastle,44,,,,,,,,,,,,,,,,,,,,,,,,,,,,,,,
Dwight,Gayle,Dwight Gayle,FWD,Newcastle,52,,,,,,,,,,,,,,,,,,,,,,,,,,,,,,,
Paul,Dummett,Paul Dummett,DEF,Newcastle,45,,,,,,,,,,,,,,,,,,,,,,,,,,,,,,,
Javier,Manquillo,Javier Manquillo,DEF,Newcastle,39,,,,,,,,,,,,,,,,,,,,,,,,,,,,,,,
Emil,Krafth,Emil Krafth,DEF,Newcastle,43,,,,,,,,,,,,,,,,,,,,,,,,,,,,,,,
Jacob,Murphy,Jacob Murphy,MID,Newcastle,47,,,,,,,,,,,,,,,,,,,,,,,,,,,,,,,
Fabian,Schär,Fabian Schär,DEF,Newcastle,43,,,,,,,,,,,,,,,,,,,,,,,,,,,,,,,
Isaac,Hayden,Isaac Hayden,MID,Newcastle,45,,,,,,,,,,,,,,,,,,,,,,,,,,,,,,,
Allan,Saint-Maximin,Allan Saint-Maximin,FWD,Newcastle,66,,,,,,,,,,,,,,,,,,,,,,,,,,,,,,,
Miguel,Almirón,Miguel Almirón,MID,Newcastle,51,,,,,,,,,,,,,,,,,,,,,,,,,,,,,,,
Sean,Longstaff,Sean Longstaff,MID,Newcastle,45,,,,,,,,,,,,,,,,,,,,,,,,,,,,,,,
Joelinton Cássio,Apolinário de Lira,Joelinton Cássio Apolinário de Lira,FWD,Newcastle,58,,,,,,,,,,,,,,,,,,,,,,,,,,,,,,,
Jamal,Lewis,Jamal Lewis,DEF,Newcastle,42,,,,,,,,,,,,,,,,,,,,,,,,,,,,,,,
Matthew,Longstaff,Matthew Longstaff,MID,Newcastle,45,,,,,,,,,,,,,,,,,,,,,,,,,,,,,,,
Federico,Fernández,Federico Fernández,DEF,Newcastle,43,,,,,,,,,,,,,,,,,,,,,,,,,,,,,,,
Freddie,Woodman,Freddie Woodman,GK,Newcastle,43,,,,,,,,,,,,,,,,,,,,,,,,,,,,,,,
Mark,Gillespie,Mark Gillespie,GK,Newcastle,40,,,,,,,,,,,,,,,,,,,,,,,,,,,,,,,
Joe,White,Joe White,MID,Newcastle,44,,,,,,,,,,,,,,,,,,,,,,,,,,,,,,,
Elliot,Anderson,Elliot Anderson,MID,Newcastle,45,,,,,,,,,,,,,,,,,,,,,,,,,,,,,,,
Kieran,Trippier,Kieran Trippier,DEF,Newcastle,50,,,,,,,,,,,,,,,,,,,,,,,,,,,,,,,
Billy,Gilmour,Billy Gilmour,MID,Norwich,43,,,,,,,,,,,,,,,,,,,,,,,,,,,,,,,
Brandon,Williams,Brandon Williams,DEF,Norwich,39,,,,,,,,,,,,,,,,,,,,,,,,,,,,,,,
Michael,McGovern,Michael McGovern,GK,Norwich,39,,,,,,,,,,,,,,,,,,,,,,,,,,,,,,,
Tim,Krul,Tim Krul,GK,Norwich,45,,,,,,,,,,,,,,,,,,,,,,,,,,,,,,,
Teemu,Pukki,Teemu Pukki,FWD,Norwich,58,,,,,,,,,,,,,,,,,,,,,,,,,,,,,,,
Marco,Stiepermann,Marco Stiepermann,MID,Norwich,50,,,,,,,,,,,,,,,,,,,,,,,,,,,,,,,
Lukas,Rupp,Lukas Rupp,MID,Norwich,44,,,,,,,,,,,,,,,,,,,,,,,,,,,,,,,
Kenny,McLean,Kenny McLean,MID,Norwich,49,,,,,,,,,,,,,,,,,,,,,,,,,,,,,,,
Grant,Hanley,Grant Hanley,DEF,Norwich,44,,,,,,,,,,,,,,,,,,,,,,,,,,,,,,,
Onel,Hernández,Onel Hernández,MID,Norwich,49,,,,,,,,,,,,,,,,,,,,,,,,,,,,,,,
Sam,Byram,Sam Byram,DEF,Norwich,44,,,,,,,,,,,,,,,,,,,,,,,,,,,,,,,
Jordan,Hugill,Jordan Hugill,FWD,Norwich,54,,,,,,,,,,,,,,,,,,,,,,,,,,,,,,,
Kieran,Dowell,Kieran Dowell,MID,Norwich,51,,,,,,,,,,,,,,,,,,,,,,,,,,,,,,,
Christoph,Zimmermann,Christoph Zimmermann,DEF,Norwich,44,,,,,,,,,,,,,,,,,,,,,,,,,,,,,,,
Todd,Cantwell,Todd Cantwell,MID,Norwich,53,,,,,,,,,,,,,,,,,,,,,,,,,,,,,,,
Max,Aarons,Max Aarons,DEF,Norwich,43,,,,,,,,,,,,,,,,,,,,,,,,,,,,,,,
Jacob,Sørensen,Jacob Sørensen,DEF,Norwich,43,,,,,,,,,,,,,,,,,,,,,,,,,,,,,,,
Przemyslaw,Placheta,Przemyslaw Placheta,MID,Norwich,47,,,,,,,,,,,,,,,,,,,,,,,,,,,,,,,
Adam,Idah,Adam Idah,FWD,Norwich,49,,,,,,,,,,,,,,,,,,,,,,,,,,,,,,,
Josh,Martin,Josh Martin,MID,Norwich,50,,,,,,,,,,,,,,,,,,,,,,,,,,,,,,,
Andrew,Omobamidele,Andrew Omobamidele,DEF,Norwich,39,,,,,,,,,,,,,,,,,,,,,,,,,,,,,,,
Angus,Gunn,Angus Gunn,GK,Norwich,40,,,,,,,,,,,,,,,,,,,,,,,,,,,,,,,
Milot,Rashica,Milot Rashica,MID,Norwich,52,,,,,,,,,,,,,,,,,,,,,,,,,,,,,,,
Ben,Gibson,Ben Gibson,DEF,Norwich,44,,,,,,,,,,,,,,,,,,,,,,,,,,,,,,,
Dimitris,Giannoulis,Dimitris Giannoulis,DEF,Norwich,44,,,,,,,,,,,,,,,,,,,,,,,,,,,,,,,
Pierre,Lees-Melou,Pierre Lees-Melou,MID,Norwich,48,,,,,,,,,,,,,,,,,,,,,,,,,,,,,,,
Bali,Mumba,Bali Mumba,DEF,Norwich,39,,,,,,,,,,,,,,,,,,,,,,,,,,,,,,,
Joshua,Sargent,Joshua Sargent,FWD,Norwich,54,,,,,,,,,,,,,,,,,,,,,,,,,,,,,,,
Christos,Tzolis,Christos Tzolis,MID,Norwich,48,,,,,,,,,,,,,,,,,,,,,,,,,,,,,,,
Ozan,Kabak,Ozan Kabak,DEF,Norwich,44,,,,,,,,,,,,,,,,,,,,,,,,,,,,,,,
Mathias,Normann,Mathias Normann,MID,Norwich,45,,,,,,,,,,,,,,,,,,,,,,,,,,,,,,,
Jonathan,Tomkinson,Jonathan Tomkinson,DEF,Norwich,40,,,,,,,,,,,,,,,,,,,,,,,,,,,,,,,
Jonathan,Rowe,Jonathan Rowe,MID,Norwich,44,,,,,,,,,,,,,,,,,,,,,,,,,,,,,,,
Thomas,Dickson-Peters,Thomas Dickson-Peters,FWD,Norwich,45,,,,,,,,,,,,,,,,,,,,,,,,,,,,,,,
Jon,McCracken,Jon McCracken,GK,Norwich,40,,,,,,,,,,,,,,,,,,,,,,,,,,,,,,,
Liam,Gibbs,Liam Gibbs,MID,Norwich,45,,,,,,,,,,,,,,,,,,,,,,,,,,,,,,,
Theo,Walcott,Theo Walcott,MID,Southampton,58,,,,,,,,,,,,,,,,,,,,,,,,,,,,,,,
Fraser,Forster,Fraser Forster,GK,Southampton,44,,,,,,,,,,,,,,,,,,,,,,,,,,,,,,,
Alex,McCarthy,Alex McCarthy,GK,Southampton,44,,,,,,,,,,,,,,,,,,,,,,,,,,,,,,,
Oriol,Romeu Vidal,Oriol Romeu Vidal,MID,Southampton,45,,,,,,,,,,,,,,,,,,,,,,,,,,,,,,,
Nathan,Redmond,Nathan Redmond,MID,Southampton,59,,,,,,,,,,,,,,,,,,,,,,,,,,,,,,,
Jack,Stephens,Jack Stephens,DEF,Southampton,44,,,,,,,,,,,,,,,,,,,,,,,,,,,,,,,
Stuart,Armstrong,Stuart Armstrong,MID,Southampton,58,,,,,,,,,,,,,,,,,,,,,,,,,,,,,,,
James,Ward-Prowse,James Ward-Prowse,MID,Southampton,63,,,,,,,,,,,,,,,,,,,,,,,,,,,,,,,
Kyle,Walker-Peters,Kyle Walker-Peters,DEF,Southampton,48,,,,,,,,,,,,,,,,,,,,,,,,,,,,,,,
Jan,Bednarek,Jan Bednarek,DEF,Southampton,44,,,,,,,,,,,,,,,,,,,,,,,,,,,,,,,
Daniel,N'Lundulu,Daniel N'Lundulu,FWD,Southampton,45,,,,,,,,,,,,,,,,,,,,,,,,,,,,,,,
Che,Adams,Che Adams,FWD,Southampton,68,,,,,,,,,,,,,,,,,,,,,,,,,,,,,,,
Nathan,Tella,Nathan Tella,MID,Southampton,47,,,,,,,,,,,,,,,,,,,,,,,,,,,,,,,
William,Smallbone,William Smallbone,MID,Southampton,45,,,,,,,,,,,,,,,,,,,,,,,,,,,,,,,
Michael,Obafemi,Michael Obafemi,FWD,Southampton,45,,,,,,,,,,,,,,,,,,,,,,,,,,,,,,,
Ibrahima,Diallo,Ibrahima Diallo,MID,Southampton,45,,,,,,,,,,,,,,,,,,,,,,,,,,,,,,,
Moussa,Djenepo,Moussa Djenepo,MID,Southampton,52,,,,,,,,,,,,,,,,,,,,,,,,,,,,,,,
Mohammed,Salisu,Mohammed Salisu,DEF,Southampton,45,,,,,,,,,,,,,,,,,,,,,,,,,,,,,,,
Romain,Perraud,Romain Perraud,DEF,Southampton,48,,,,,,,,,,,,,,,,,,,,,,,,,,,,,,,
Tino,Livramento,Tino Livramento,DEF,Southampton,43,,,,,,,,,,,,,,,,,,,,,,,,,,,,,,,
Mohamed,Elyounoussi,Mohamed Elyounoussi,MID,Southampton,54,,,,,,,,,,,,,,,,,,,,,,,,,,,,,,,
Armando,Broja,Armando Broja,FWD,Southampton,52,,,,,,,,,,,,,,,,,,,,,,,,,,,,,,,
Shane,Long,Shane Long,FWD,Southampton,54,,,,,,,,,,,,,,,,,,,,,,,,,,,,,,,
Adam,Armstrong,Adam Armstrong,FWD,Southampton,58,,,,,,,,,,,,,,,,,,,,,,,,,,,,,,,
Yan,Valery,Yan Valery,DEF,Southampton,39,,,,,,,,,,,,,,,,,,,,,,,,,,,,,,,
Lyanco Evangelista,Silveira Neves Vojnovic,Lyanco Evangelista Silveira Neves Vojnovic,DEF,Southampton,44,,,,,,,,,,,,,,,,,,,,,,,,,,,,,,,
Harry,Lewis,Harry Lewis,GK,Southampton,40,,,,,,,,,,,,,,,,,,,,,,,,,,,,,,,
Willy,Caballero,Willy Caballero,GK,Southampton,44,,,,,,,,,,,,,,,,,,,,,,,,,,,,,,,
Dynel,Simeu,Dynel Simeu,DEF,Southampton,40,,,,,,,,,,,,,,,,,,,,,,,,,,,,,,,
Thierry,Small,Thierry Small,DEF,Southampton,40,,,,,,,,,,,,,,,,,,,,,,,,,,,,,,,
Kgaogelo,Chauke,Kgaogelo Chauke,MID,Southampton,45,,,,,,,,,,,,,,,,,,,,,,,,,,,,,,,
Joe,Hart,Joe Hart,GK,,45,,,,,,,,,,,,,,,,,,,,,,,,,,,,,,,
Hugo,Lloris,Hugo Lloris,GK,Spurs,54,,,,,,,,,,,,,,,,,,,,,,,,,,,,,,,
Toby,Alderweireld,Toby Alderweireld,DEF,Spurs,50,,,,,,,,,,,,,,,,,,,,,,,,,,,,,,,
Erik,Lamela,Erik Lamela,MID,Spurs,60,,,,,,,,,,,,,,,,,,,,,,,,,,,,,,,
Harry,Kane,Harry Kane,FWD,Spurs,123,,,,,,,,,,,,,,,,,,,,,,,,,,,,,,,
Serge,Aurier,Serge Aurier,DEF,Spurs,49,,,,,,,,,,,,,,,,,,,,,,,,,,,,,,,
Heung-Min,Son,Heung-Min Son,MID,Spurs,107,,,,,,,,,,,,,,,,,,,,,,,,,,,,,,,
Matt,Doherty,Matt Doherty,DEF,Spurs,47,,,,,,,,,,,,,,,,,,,,,,,,,,,,,,,
Eric,Dier,Eric Dier,DEF,Spurs,46,,,,,,,,,,,,,,,,,,,,,,,,,,,,,,,
Lucas,Rodrigues Moura da Silva,Lucas Rodrigues Moura da Silva,MID,Spurs,66,,,,,,,,,,,,,,,,,,,,,,,,,,,,,,,
Bamidele,Alli,Bamidele Alli,MID,Spurs,62,,,,,,,,,,,,,,,,,,,,,,,,,,,,,,,
Ben,Davies,Ben Davies,DEF,Spurs,45,,,,,,,,,,,,,,,,,,,,,,,,,,,,,,,
Pierre-Emile,Højbjerg,Pierre-Emile Højbjerg,MID,Spurs,50,,,,,,,,,,,,,,,,,,,,,,,,,,,,,,,
Harry,Winks,Harry Winks,MID,Spurs,44,,,,,,,,,,,,,,,,,,,,,,,,,,,,,,,
Davinson,Sánchez,Davinson Sánchez,DEF,Spurs,46,,,,,,,,,,,,,,,,,,,,,,,,,,,,,,,
Ryan,Sessegnon,Ryan Sessegnon,DEF,Spurs,43,,,,,,,,,,,,,,,,,,,,,,,,,,,,,,,
Steven,Bergwijn,Steven Bergwijn,MID,Spurs,59,,,,,,,,,,,,,,,,,,,,,,,,,,,,,,,
Sergio,Reguilón,Sergio Reguilón,DEF,Spurs,54,,,,,,,,,,,,,,,,,,,,,,,,,,,,,,,
Japhet,Tanganga,Japhet Tanganga,DEF,Spurs,42,,,,,,,,,,,,,,,,,,,,,,,,,,,,,,,
Giovani,Lo Celso,Giovani Lo Celso,MID,Spurs,59,,,,,,,,,,,,,,,,,,,,,,,,,,,,,,,
Oliver,Skipp,Oliver Skipp,MID,Spurs,44,,,,,,,,,,,,,,,,,,,,,,,,,,,,,,,
Joe,Rodon,Joe Rodon,DEF,Spurs,43,,,,,,,,,,,,,,,,,,,,,,,,,,,,,,,
Tanguy,Ndombele,Tanguy Ndombele,MID,Spurs,57,,,,,,,,,,,,,,,,,,,,,,,,,,,,,,,
Pierluigi,Gollini,Pierluigi Gollini,GK,Spurs,43,,,,,,,,,,,,,,,,,,,,,,,,,,,,,,,
Bryan,Gil Salvatierra,Bryan Gil Salvatierra,MID,Spurs,57,,,,,,,,,,,,,,,,,,,,,,,,,,,,,,,
Cristian,Romero,Cristian Romero,DEF,Spurs,48,,,,,,,,,,,,,,,,,,,,,,,,,,,,,,,
Dane,Scarlett,Dane Scarlett,FWD,Spurs,45,,,,,,,,,,,,,,,,,,,,,,,,,,,,,,,
Emerson Aparecido,Leite de Souza Junior,Emerson Aparecido Leite de Souza Junior,DEF,Spurs,50,,,,,,,,,,,,,,,,,,,,,,,,,,,,,,,
Dilan,Markanday,Dilan Markanday,MID,Spurs,45,,,,,,,,,,,,,,,,,,,,,,,,,,,,,,,
Tobi,Omole,Tobi Omole,DEF,Spurs,39,,,,,,,,,,,,,,,,,,,,,,,,,,,,,,,
Brandon,Austin,Brandon Austin,GK,Spurs,40,,,,,,,,,,,,,,,,,,,,,,,,,,,,,,,
Harvey,White,Harvey White,MID,Spurs,44,,,,,,,,,,,,,,,,,,,,,,,,,,,,,,,
Moussa,Sissoko,Moussa Sissoko,MID,Watford,44,,,,,,,,,,,,,,,,,,,,,,,,,,,,,,,
Ben,Foster,Ben Foster,GK,Watford,41,,,,,,,,,,,,,,,,,,,,,,,,,,,,,,,
Danny,Rose,Danny Rose,DEF,Watford,42,,,,,,,,,,,,,,,,,,,,,,,,,,,,,,,
Dan,Gosling,Dan Gosling,MID,Watford,47,,,,,,,,,,,,,,,,,,,,,,,,,,,,,,,
Craig,Cathcart,Craig Cathcart,DEF,Watford,43,,,,,,,,,,,,,,,,,,,,,,,,,,,,,,,
Troy,Deeney,Troy Deeney,FWD,Watford,54,,,,,,,,,,,,,,,,,,,,,,,,,,,,,,,
Tom,Cleverley,Tom Cleverley,MID,Watford,48,,,,,,,,,,,,,,,,,,,,,,,,,,,,,,,
Francisco,Femenía Far,Francisco Femenía Far,DEF,Watford,43,,,,,,,,,,,,,,,,,,,,,,,,,,,,,,,
Andre,Gray,Andre Gray,FWD,Watford,54,,,,,,,,,,,,,,,,,,,,,,,,,,,,,,,
Christian,Kabasele,Christian Kabasele,DEF,Watford,43,,,,,,,,,,,,,,,,,,,,,,,,,,,,,,,
Nathaniel,Chalobah,Nathaniel Chalobah,MID,Watford,50,,,,,,,,,,,,,,,,,,,,,,,,,,,,,,,
William,Troost-Ekong,William Troost-Ekong,DEF,Watford,43,,,,,,,,,,,,,,,,,,,,,,,,,,,,,,,
Stipe,Perica,Stipe Perica,FWD,Watford,45,,,,,,,,,,,,,,,,,,,,,,,,,,,,,,,
Daniel,Bachmann,Daniel Bachmann,GK,Watford,43,,,,,,,,,,,,,,,,,,,,,,,,,,,,,,,
Adam,Masina,Adam Masina,DEF,Watford,43,,,,,,,,,,,,,,,,,,,,,,,,,,,,,,,
Ken,Sema,Ken Sema,MID,Watford,52,,,,,,,,,,,,,,,,,,,,,,,,,,,,,,,
Philip,Zinckernagel,Philip Zinckernagel,MID,Watford,55,,,,,,,,,,,,,,,,,,,,,,,,,,,,,,,
Isaac,Success Ajayi,Isaac Success Ajayi,FWD,Watford,50,,,,,,,,,,,,,,,,,,,,,,,,,,,,,,,
Ayotomiwa,Dele-Bashiru,Ayotomiwa Dele-Bashiru,MID,Watford,45,,,,,,,,,,,,,,,,,,,,,,,,,,,,,,,
Ashley,Fletcher,Ashley Fletcher,FWD,Watford,48,,,,,,,,,,,,,,,,,,,,,,,,,,,,,,,
Francisco,Sierralta,Francisco Sierralta,DEF,Watford,43,,,,,,,,,,,,,,,,,,,,,,,,,,,,,,,
Domingos,Quina,Domingos Quina,MID,Watford,45,,,,,,,,,,,,,,,,,,,,,,,,,,,,,,,
Marc,Navarro,Marc Navarro,DEF,Watford,40,,,,,,,,,,,,,,,,,,,,,,,,,,,,,,,
Ismaila,Sarr,Ismaila Sarr,MID,Watford,58,,,,,,,,,,,,,,,,,,,,,,,,,,,,,,,
Jeremy,Ngakia,Jeremy Ngakia,DEF,Watford,43,,,,,,,,,,,,,,,,,,,,,,,,,,,,,,,
Ben,Wilmot,Ben Wilmot,DEF,Watford,45,,,,,,,,,,,,,,,,,,,,,,,,,,,,,,,
Joseph,Hungbo,Joseph Hungbo,MID,Watford,45,,,,,,,,,,,,,,,,,,,,,,,,,,,,,,,
Imrân,Louza,Imrân Louza,MID,Watford,52,,,,,,,,,,,,,,,,,,,,,,,,,,,,,,,
João Pedro,Junqueira de Jesus,João Pedro Junqueira de Jesus,FWD,Watford,54,,,,,,,,,,,,,,,,,,,,,,,,,,,,,,,
Kwadwo,Baah,Kwadwo Baah,MID,Watford,43,,,,,,,,,,,,,,,,,,,,,,,,,,,,,,,
Emmanuel,Dennis,Emmanuel Dennis,FWD,Watford,61,,,,,,,,,,,,,,,,,,,,,,,,,,,,,,,
Matthew,Pollock,Matthew Pollock,DEF,Watford,40,,,,,,,,,,,,,,,,,,,,,,,,,,,,,,,
Oghenekaro Peter,Etebo,Oghenekaro Peter Etebo,MID,Watford,43,,,,,,,,,,,,,,,,,,,,,,,,,,,,,,,
Joshua,King,Joshua King,FWD,Watford,58,,,,,,,,,,,,,,,,,,,,,,,,,,,,,,,
Adedapo,Awokoya-Mebude,Adedapo Awokoya-Mebude,FWD,Watford,45,,,,,,,,,,,,,,,,,,,,,,,,,,,,,,,
Juan Camilo,Hernández Suárez,Juan Camilo Hernández Suárez,FWD,Watford,50,,,,,,,,,,,,,,,,,,,,,,,,,,,,,,,
Juraj,Kucka,Juraj Kucka,MID,Watford,55,,,,,,,,,,,,,,,,,,,,,,,,,,,,,,,
Ozan,Tufan,Ozan Tufan,MID,Watford,50,,,,,,,,,,,,,,,,,,,,,,,,,,,,,,,
Robert,Elliot,Robert Elliot,GK,Watford,40,,,,,,,,,,,,,,,,,,,,,,,,,,,,,,,
Nicolas,Nkoulou,Nicolas Nkoulou,DEF,Watford,44,,,,,,,,,,,,,,,,,,,,,,,,,,,,,,,
James,Morris,James Morris,DEF,Watford,40,,,,,,,,,,,,,,,,,,,,,,,,,,,,,,,
Vincent,Angelini,Vincent Angelini,GK,Watford,40,,,,,,,,,,,,,,,,,,,,,,,,,,,,,,,
Kamil,Conteh,Kamil Conteh,MID,Watford,45,,,,,,,,,,,,,,,,,,,,,,,,,,,,,,,
Hassane,Kamara,Hassane Kamara,DEF,Watford,45,,,,,,,,,,,,,,,,,,,,,,,,,,,,,,,
Samir,Caetano de Souza Santos,Samir Caetano de Souza Santos,DEF,Watford,45,,,,,,,,,,,,,,,,,,,,,,,,,,,,,,,
Edo,Kayembe,Edo Kayembe,MID,Watford,50,,,,,,,,,,,,,,,,,,,,,,,,,,,,,,,
Kurt,Zouma,Kurt Zouma,DEF,West Ham,54,,,,,,,,,,,,,,,,,,,,,,,,,,,,,,,
Mark,Noble,Mark Noble,MID,West Ham,44,,,,,,,,,,,,,,,,,,,,,,,,,,,,,,,
Darren,Randolph,Darren Randolph,GK,West Ham,43,,,,,,,,,,,,,,,,,,,,,,,,,,,,,,,
Lukasz,Fabianski,Lukasz Fabianski,GK,West Ham,50,,,,,,,,,,,,,,,,,,,,,,,,,,,,,,,
Angelo,Ogbonna,Angelo Ogbonna,DEF,West Ham,49,,,,,,,,,,,,,,,,,,,,,,,,,,,,,,,
Winston,Reid,Winston Reid,DEF,West Ham,39,,,,,,,,,,,,,,,,,,,,,,,,,,,,,,,
Aaron,Cresswell,Aaron Cresswell,DEF,West Ham,53,,,,,,,,,,,,,,,,,,,,,,,,,,,,,,,
Andriy,Yarmolenko,Andriy Yarmolenko,MID,West Ham,51,,,,,,,,,,,,,,,,,,,,,,,,,,,,,,,
Michail,Antonio,Michail Antonio,FWD,West Ham,79,,,,,,,,,,,,,,,,,,,,,,,,,,,,,,,
Craig,Dawson,Craig Dawson,DEF,West Ham,49,,,,,,,,,,,,,,,,,,,,,,,,,,,,,,,
Ryan,Fredericks,Ryan Fredericks,DEF,West Ham,44,,,,,,,,,,,,,,,,,,,,,,,,,,,,,,,
Manuel,Lanzini,Manuel Lanzini,MID,West Ham,58,,,,,,,,,,,,,,,,,,,,,,,,,,,,,,,
Arthur,Masuaku,Arthur Masuaku,DEF,West Ham,44,,,,,,,,,,,,,,,,,,,,,,,,,,,,,,,
Vladimir,Coufal,Vladimir Coufal,DEF,West Ham,47,,,,,,,,,,,,,,,,,,,,,,,,,,,,,,,
Saïd,Benrahma,Saïd Benrahma,MID,West Ham,59,,,,,,,,,,,,,,,,,,,,,,,,,,,,,,,
Jarrod,Bowen,Jarrod Bowen,MID,West Ham,68,,,,,,,,,,,,,,,,,,,,,,,,,,,,,,,
Declan,Rice,Declan Rice,MID,West Ham,51,,,,,,,,,,,,,,,,,,,,,,,,,,,,,,,
Tomas,Soucek,Tomas Soucek,MID,West Ham,57,,,,,,,,,,,,,,,,,,,,,,,,,,,,,,,
Pablo,Fornals,Pablo Fornals,MID,West Ham,60,,,,,,,,,,,,,,,,,,,,,,,,,,,,,,,
Issa,Diop,Issa Diop,DEF,West Ham,43,,,,,,,,,,,,,,,,,,,,,,,,,,,,,,,
Ben,Johnson,Ben Johnson,DEF,West Ham,40,,,,,,,,,,,,,,,,,,,,,,,,,,,,,,,
Alphonse,Areola,Alphonse Areola,GK,West Ham,47,,,,,,,,,,,,,,,,,,,,,,,,,,,,,,,
Frederik,Alves,Frederik Alves,DEF,West Ham,40,,,,,,,,,,,,,,,,,,,,,,,,,,,,,,,
Conor,Coventry,Conor Coventry,MID,West Ham,45,,,,,,,,,,,,,,,,,,,,,,,,,,,,,,,
Jamal,Baptiste,Jamal Baptiste,DEF,West Ham,40,,,,,,,,,,,,,,,,,,,,,,,,,,,,,,,
Nikola,Vlasic,Nikola Vlasic,MID,West Ham,57,,,,,,,,,,,,,,,,,,,,,,,,,,,,,,,
Alex,Kral,Alex Kral,MID,West Ham,44,,,,,,,,,,,,,,,,,,,,,,,,,,,,,,,
Harrison,Ashby,Harrison Ashby,DEF,West Ham,40,,,,,,,,,,,,,,,,,,,,,,,,,,,,,,,
Sonny,Perkins,Sonny Perkins,MID,West Ham,45,,,,,,,,,,,,,,,,,,,,,,,,,,,,,,,
Ajibola,Alese,Ajibola Alese,DEF,West Ham,40,,,,,,,,,,,,,,,,,,,,,,,,,,,,,,,
Armstrong,Oko-Flex,Armstrong Oko-Flex,MID,West Ham,44,,,,,,,,,,,,,,,,,,,,,,,,,,,,,,,
Pierre,Ekwah,Pierre Ekwah,DEF,West Ham,40,,,,,,,,,,,,,,,,,,,,,,,,,,,,,,,
João Filipe Iria,Santos Moutinho,João Filipe Iria Santos Moutinho,MID,Wolves,49,,,,,,,,,,,,,,,,,,,,,,,,,,,,,,,
Rui Pedro,dos Santos Patrício,Rui Pedro dos Santos Patrício,GK,Wolves,50,,,,,,,,,,,,,,,,,,,,,,,,,,,,,,,
Willy,Boly,Willy Boly,DEF,Wolves,49,,,,,,,,,,,,,,,,,,,,,,,,,,,,,,,
Conor,Coady,Conor Coady,DEF,Wolves,46,,,,,,,,,,,,,,,,,,,,,,,,,,,,,,,
Raúl,Jiménez,Raúl Jiménez,FWD,Wolves,74,,,,,,,,,,,,,,,,,,,,,,,,,,,,,,,
Romain,Saïss,Romain Saïss,DEF,Wolves,50,,,,,,,,,,,,,,,,,,,,,,,,,,,,,,,
Fernando,Marçal,Fernando Marçal,DEF,Wolves,42,,,,,,,,,,,,,,,,,,,,,,,,,,,,,,,
Jonathan,Castro Otto,Jonathan Castro Otto,DEF,Wolves,45,,,,,,,,,,,,,,,,,,,,,,,,,,,,,,,
Leander,Dendoncker,Leander Dendoncker,MID,Wolves,47,,,,,,,,,,,,,,,,,,,,,,,,,,,,,,,
Adama,Traoré,Adama Traoré,MID,Wolves,56,,,,,,,,,,,,,,,,,,,,,,,,,,,,,,,
Rúben Diogo,da Silva Neves,Rúben Diogo da Silva Neves,MID,Wolves,53,,,,,,,,,,,,,,,,,,,,,,,,,,,,,,,
Nélson,Cabral Semedo,Nélson Cabral Semedo,DEF,Wolves,48,,,,,,,,,,,,,,,,,,,,,,,,,,,,,,,
Daniel,Castelo Podence,Daniel Castelo Podence,MID,Wolves,55,,,,,,,,,,,,,,,,,,,,,,,,,,,,,,,
Max,Kilman,Max Kilman,DEF,Wolves,45,,,,,,,,,,,,,,,,,,,,,,,,,,,,,,,
Morgan,Gibbs-White,Morgan Gibbs-White,MID,Wolves,45,,,,,,,,,,,,,,,,,,,,,,,,,,,,,,,
Pedro,Lomba Neto,Pedro Lomba Neto,MID,Wolves,64,,,,,,,,,,,,,,,,,,,,,,,,,,,,,,,
Owen,Otasowie,Owen Otasowie,MID,Wolves,45,,,,,,,,,,,,,,,,,,,,,,,,,,,,,,,
Ki-Jana,Hoever,Ki-Jana Hoever,DEF,Wolves,39,,,,,,,,,,,,,,,,,,,,,,,,,,,,,,,
Andreas,Söndergaard,Andreas Söndergaard,GK,Wolves,39,,,,,,,,,,,,,,,,,,,,,,,,,,,,,,,
Fabio,Silva,Fabio Silva,FWD,Wolves,56,,,,,,,,,,,,,,,,,,,,,,,,,,,,,,,
Yerson,Mosquera Valdelamar,Yerson Mosquera Valdelamar,DEF,Wolves,44,,,,,,,,,,,,,,,,,,,,,,,,,,,,,,,
John,Ruddy,John Ruddy,GK,Wolves,43,,,,,,,,,,,,,,,,,,,,,,,,,,,,,,,
Francisco,Machado Mota de Castro Trincão,Francisco Machado Mota de Castro Trincão,MID,Wolves,56,,,,,,,,,,,,,,,,,,,,,,,,,,,,,,,
Rayan,Ait Nouri,Rayan Ait Nouri,DEF,Wolves,43,,,,,,,,,,,,,,,,,,,,,,,,,,,,,,,
José,Malheiro de Sá,José Malheiro de Sá,GK,Wolves,52,,,,,,,,,,,,,,,,,,,,,,,,,,,,,,,
Patrick,Cutrone,Patrick Cutrone,FWD,Wolves,50,,,,,,,,,,,,,,,,,,,,,,,,,,,,,,,
Luke,Cundle,Luke Cundle,MID,Wolves,45,,,,,,,,,,,,,,,,,,,,,,,,,,,,,,,
Chem,Campbell,Chem Campbell,MID,Wolves,45,,,,,,,,,,,,,,,,,,,,,,,,,,,,,,,
Christian,Marques,Christian Marques,DEF,Wolves,40,,,,,,,,,,,,,,,,,,,,,,,,,,,,,,,
Hee-Chan,Hwang,Hee-Chan Hwang,FWD,Wolves,54,,,,,,,,,,,,,,,,,,,,,,,,,,,,,,,
Louie,Moulden,Louie Moulden,GK,Wolves,40,,,,,,,,,,,,,,,,,,,,,,,,,,,,,,,
James,Storer,James Storer,GK,Wolves,40,,,,,,,,,,,,,,,,,,,,,,,,,,,,,,,
Hugo,Bueno,Hugo Bueno,DEF,Wolves,40,,,,,,,,,,,,,,,,,,,,,,,,,,,,,,,
Bruno André,Cavaco Jordão,Bruno André Cavaco Jordão,MID,Wolves,45,,,,,,,,,,,,,,,,,,,,,,,,,,,,,,,
Toti António,Gomes,Toti António Gomes,DEF,Wolves,45,,,,,,,,,,,,,,,,,,,,,,,,,,,,,,,
Dion,Sanderson,Dion Sanderson,DEF,Wolves,40,,,,,,,,,,,,,,,,,,,,,,,,,,,,,,,
Ryan,Giles,Ryan Giles,MID,Wolves,45,,,,,,,,,,,,,,,,,,,,,,,,,,,,,,,
Francisco Jorge,Tomás Oliveira,Francisco Jorge Tomás Oliveira,MID,Wolves,55,,,,,,,,,,,,,,,,,,,,,,,,,,,,,,,
